LA_name,LA_number,For_3_P,For_1_P,For_3_S,For_1_S,Quan_P_In,Quan_S_In,Quan_P_RP,Quan_S_RP,Quan_P_Su,Quan_S_Su,Quan_P_PP,Quan_S_PP,Qual_P_1_N,Qual_P_2_N,Qual_P_3_N,Qual_P_4_N,Qual_P_0_N,Qual_P_1_E,Qual_P_2_E,Qual_P_3_E,Qual_P_4_E,Qual_P_0_E,Qual_P_Prop,Qual_P_Propranks,Qual_S_1_N,Qual_S_2_N,Qual_S_3_N,Qual_S_4_N,Qual_S_0_N,Qual_S_1_E,Qual_S_2_E,Qual_S_3_E,Qual_S_4_E,Qual_S_0_E,Qual_S_Prop,Qual_S_Propranks,KS4_WAA_N,KS4_AA_N,KS4_A_N,KS4_BA_N,KS4_WBA_N,KS4_NR_N,Qual_KS4_Prop,Qual_KS4_Propranks,KS4_WAA_E,KS4_AA_E,KS4_A_E,KS4_BA_E,KS4_WBA_E,KS4_NR_E,KS2Mat_WAA_N,KS2Mat_AA_N,KS2Mat_A_N,KS2Mat_BA_N,KS2Mat_WBA_N,KS2Mat_NR_N,Qual_KS2Mat_Prop,Qual_KS2Mat_Propranks,KS2Mat_WAA_E,KS2Mat_AA_E,KS2Mat_A_E,KS2Mat_BA_E,KS2Mat_WBA_E,KS2Mat_NR_E,KS2Read_WAA_N,KS2Read_AA_N,KS2Read_A_N,KS2Read_BA_N,KS2Read_WBA_N,KS2Read_NR_N,Qual_KS2Read_Prop,Qual_KS2Read_Propranks,KS2Read_WAA_E,KS2Read_AA_E,KS2Read_A_E,KS2Read_BA_E,KS2Read_WBA_E,KS2Read_NR_E,CPP_P_EP,CPP_P_ET,CPP_P_NS,CPP_S_EP,CPP_S_ET,CPP_S_NS,Projects_P_EP,Projects_P_ET,Projects_P_NS,Projects_S_EP,Projects_S_ET,Projects_S_NS,Cost_P_EP,Places_P_EP,Cost_P_ET,Places_P_ET,Cost_P_NS,Places_P_NS,Cost_S_EP,Places_S_EP,Cost_S_ET,Places_S_ET,Cost_S_NS,Places_S_NS,Ban_P_gro,Ban_S_gro,Funding,Pref_P_1,Pref_P_2,Pref_P_3,Pref_S_1,Pref_S_2,Pref_S_3,Pref_P_T3,Pref_S_T3
England,0,0.026635962,0.009759901,0.032301967,0.014273797,668942,334394,40970,37480,10.2%,10.4%,66227,74393,,,,,,,,,,,,,,,,,,,,,,,,,,,,,,,,,,,,,,,,,,,,,,,,,,,,,,,,,,,,,,,,,,,,,,,,,1204,616,70,144,41,12,,,,,,,,,,,,,0.191389282,0.1799383,12304980120,90.6,5.4,1.5,80.9,9.0,3.2,97.5,93.0
City of London (5),201,,,,,30,0,30,0,12.5%,,0,0,30,0,0,0,0,210,0,0,0,0,1,1,0,0,0,0,0,0,0,0,0,0,NULL,NULL,0,0,0,0,0,0,NULL,NULL,0,0,0,0,0,0,30,0,0,0,0,0,1,1,210,0,0,0,0,0,30,0,0,0,0,0,1,1,210,0,0,0,0,0,z,z,z,z,z,z,0,0,0,0,0,0,0,0,0,0,0,0,0,0,0,0,0,0,0.170731707,,3300942.14,87.5,4.2,4.2,54.2,20.8,4.2,95.8,79.2
Camden,202,0.064840693,0.025712689,0.022255753,0.019740978,1419,1959,0,0,16.0%,14.3%,60,0,62,0,0,0,0,4149,7784,428,0,0,1,1,0,216,0,0,0,1134,10746,0,0,0,1,1,0,0,172,44,0,0,0,74,3579,0,7462,839,0,0,0,62,0,0,0,0,1,1,3945,4027,3549,0,0,840,0,62,0,0,0,0,1,1,3946,3407,4168,0,0,840,33892.99877,z,29375.73484,z,z,z,2,0,1,0,0,0,18641149.32,550,0,0,14394110.07,490,0,0,0,0,0,0,0.011387763,0.076342056,18217771.5,78.3,7.6,4.6,64.2,15.7,8.0,90.5,88.0
Greenwich,203,0.044258958,0.015390879,0.034656822,0.013561365,6192,3836,420,0,11.3%,10.6%,120,555,0,540,0,0,0,7281,18966,240,636,0,1,1,0,840,0,0,1150,2453,10149,1365,1352,0,1,1,0,0,0,0,0,1990,NULL,NULL,2453,0,4449,3540,3152,1725,0,0,540,0,0,0,0,68,3780,4929,14212,3362,840,0,0,0,360,180,0,0,0,69,840,4713,15489,3981,2100,0,18446.09583,14654.30903,z,z,10337.20273,z,3,3,0,0,2,0,4795984.916,260,1318887.812,90,0,0,0,0,4031509.063,390,0,0,0.334558628,0.415301067,155796069.1,86.1,6.4,2.6,64.7,13.4,6.0,95.2,84.1
Hackney,204,0.042811955,0.001854276,0.032077867,-0.018197207,4342,7110,0,0,20.4%,7.9%,0,0,43,24,0,0,0,8816,11698,1260,0,0,1,1,0,0,0,0,0,3755,9962,0,1226,1140,NULL,NULL,0,0,0,0,0,0,NULL,NULL,3951,4644,5118,1230,0,1140,24,0,0,43,0,0,0.358208955,37,1161,1807,11392,3422,1962,2030,24,0,0,43,0,0,0.358208955,31,1781,2939,8800,3131,3093,2030,13634.51363,z,19440.32587,z,z,z,1,0,1,0,0,0,2863247.863,210,0,0,12247405.3,630,0,0,0,0,0,0,0.102672381,1.335447761,47590725.32,86.8,7.3,2.3,63.7,14.6,8.5,96.5,86.8
Hammersmith and Fulham,205,0.011875761,-0.010657734,-0.077437722,0.002989324,2438,2622,0,0,23.6%,11.7%,840,0,46,0,0,0,0,4610,7020,420,0,0,1,1,94,0,0,0,0,3415,5025,1200,0,0,1,1,94,0,0,0,0,0,1,1,5005,0,3780,0,855,0,46,0,0,0,0,0,1,1,2789,2745,4545,291,0,1680,20,0,26,0,0,0,0.434782609,25,3130,1710,5530,0,0,1680,20527.79934,z,z,z,z,z,1,0,0,0,0,0,4310837.861,210,0,0,0,0,0,0,0,0,0,0,0.125042706,0.552990556,65121935.78,75.2,11.1,4.9,57.3,15.4,8.0,91.2,80.7
Islington,206,0.055958549,0.010066617,0.063517915,0.01859392,1236,541,0,0,17.9%,15.3%,315,0,0,105,0,0,0,2970,11240,420,0,90,1,1,250,72,0,0,0,3455,2580,2050,0,0,1,1,0,192,100,30,0,0,0.596273292,41,750,4150,1505,780,900,0,30,0,75,0,0,0,0.285714286,41,4480,1790,6020,1500,420,510,0,30,15,60,0,0,0.285714286,38,3435,4085,4755,1095,840,510,26285.58037,z,12140.98034,z,z,z,2,0,1,0,0,0,7254820.182,276,0,0,728458.8203,60,0,0,0,0,0,0,0.072442487,0.197353738,27581656.44,78.6,9.7,3.7,66.6,14.7,6.7,91.9,88.0
Kensington and Chelsea,207,-0.035046385,-0.006920925,0.016803102,0.008401551,827,1298,0,30,17.8%,2.2%,80,60,0,0,0,0,0,4365,3360,0,0,0,NULL,NULL,190,0,0,0,0,5211,628,0,0,0,1,1,0,190,0,0,0,0,1,1,2411,1060,2368,0,0,0,0,0,0,0,0,0,NULL,NULL,2965,840,2450,840,420,210,0,0,0,0,0,0,NULL,NULL,4015,560,2520,0,420,210,30389.99554,z,76395.71842,z,z,z,2,0,1,0,0,0,6381899.062,210,0,0,16043100.87,210,0,0,0,0,0,0,0.005172414,0.682868797,9657699,65.7,13.1,5.4,62.2,15.7,6.5,84.3,84.3
Lambeth,208,0.108788953,0.074967345,0.028814899,0.053852236,4880,6957,20,0,20.6%,17.2%,821,460,0,36,0,0,0,9958,13791,1050,875,0,1,1,538,829,0,0,0,5862,7134,2615,0,0,1,1,538,15,0,0,0,814,1,1,2649,2276,5041,3300,815,1530,0,36,0,0,0,0,1,1,4664,8215,10935,840,420,600,0,36,0,0,0,0,1,1,7484,4104,12226,840,420,600,14160.30801,2394.909923,z,25167.36952,z,z,5,1,0,1,0,0,21353744.48,1508,143694.5954,60,0,0,22650632.57,900,0,0,0,0,0.134111571,0.639151546,114848438.4,81.7,9.0,3.2,54.8,16.8,9.7,93.9,81.4
Lewisham,209,0.047479296,0.004221275,0.15849293,0.025147664,4986,2235,0,0,14.4%,20.9%,0,0,0,105,0,0,0,7704,18270,1756,0,0,1,1,0,0,0,0,0,1803,7149,6311,0,0,NULL,NULL,0,0,0,0,0,0,NULL,NULL,900,1027,4534,5134,3668,0,0,0,105,0,0,0,0,68,1886,4057,13629,3807,2775,1576,0,105,0,0,0,0,1,1,2331,3372,12878,3820,3753,1576,25863.4952,11185.40758,z,z,z,z,6,10,0,0,0,0,22734012.28,879,3020060.046,270,0,0,0,0,0,0,0,0,0.240260732,0.245006207,121272643.9,83.6,9.3,3.0,56.9,18.0,8.9,95.8,83.8
Southwark,210,0.058925177,0.051840332,-0.004090972,-0.002149494,4751,5250,0,0,18.8%,13.0%,0,540,30,90,0,0,420,7770,17021,2340,0,0,1,1,513,150,0,0,0,9584,8675,0,0,0,1,1,110,0,0,553,0,0,0.165912519,68,7405,1845,3800,2909,900,1400,15,60,30,15,0,420,0.625,21,3995,6510,11871,1830,1215,1710,15,60,0,30,15,420,0.625,18,5360,4740,11796,1935,1590,1710,30708.61552,22175.09019,z,15732.13112,z,z,11,7,0,1,0,0,41917260.18,1365,6319900.703,285,0,0,2359819.668,150,0,0,0,0,0.128228228,1.859580783,70111011.33,84.1,7.3,2.8,60.0,15.4,8.0,94.2,83.4
Tower Hamlets,211,0.021866757,-0.00748745,0.041573971,0.017241379,4451,6246,120,0,13.4%,14.5%,10,410,0,0,0,0,0,8635,17608,210,0,0,NULL,NULL,0,0,0,0,0,9219,9428,1189,600,800,NULL,NULL,0,0,0,0,0,0,NULL,NULL,5089,6170,3663,4314,0,2000,0,0,0,0,0,0,NULL,NULL,5363,8598,11066,0,0,1426,0,0,0,0,0,0,NULL,NULL,7705,2205,12338,2779,0,1426,11487.44929,z,z,z,z,z,1,0,0,0,0,0,5422076.065,472,0,0,0,0,0,0,0,0,0,0,0.125512795,0.168965786,88102446.47,91.7,4.5,1.3,67.4,14.0,6.8,97.5,88.3
Wandsworth,212,0.044131859,0.006657361,0.01657167,0.003483217,6137,1430,100,0,19.0%,13.6%,225,844,0,0,0,0,0,7680,13269,839,0,0,NULL,NULL,0,0,0,0,0,4600,8775,1260,0,0,NULL,NULL,0,0,0,0,0,0,NULL,NULL,5800,5350,3485,0,0,0,0,0,0,0,0,0,NULL,NULL,2572,3082,12523,1245,0,2366,0,0,0,0,0,0,NULL,NULL,1740,4743,11679,840,420,2366,26563.36339,9472.088204,11780.88634,20780.62452,z,z,2,3,2,1,0,0,11953513.53,450,710406.6153,75,10508550.61,892,11969639.72,576,0,0,0,0,0.21180156,0.299657953,62105498.01,75.4,9.6,5.4,60.9,16.1,8.5,90.5,85.4
Westminster,213,0.107431174,0.035706893,0.04787725,0.005768343,0,2795,0,100,23.6%,2.3%,150,470,30,0,0,0,0,3760,7318,630,0,0,1,1,0,0,0,0,0,7973,1720,0,0,550,NULL,NULL,0,0,0,0,0,0,NULL,NULL,5030,2043,2620,0,0,550,30,0,0,0,0,0,1,1,3109,1290,6125,584,0,600,30,0,0,0,0,0,1,1,2528,1421,6739,0,420,600,18349.73906,z,z,z,z,z,1,0,0,0,0,0,3853445.203,210,0,0,0,0,0,0,0,0,0,0,-0.099048186,1.163074039,28720662.6,87.3,6.6,2.4,65.3,14.8,7.5,96.4,87.6
Barking and Dagenham,301,0.100123757,0.028344445,0.094244288,0.013620387,8789,10419,420,0,13.5%,19.6%,840,900,124,0,0,0,0,2876,23626,1740,0,0,1,1,0,726,0,0,0,2088,16829,2641,0,0,1,1,0,586,140,0,0,0,0.807162534,33,3468,7748,5187,0,2041,3114,0,124,0,0,0,0,1,1,2550,10108,8096,3498,0,3990,0,124,0,0,0,0,1,1,2255,4466,13883,3168,480,3990,20274.53432,9331.151208,z,22397.46718,z,z,6,2,0,3,0,0,27330072.26,1348,559869.0725,60,0,0,52813227.62,2358,0,0,0,0,0.485651587,0.48940678,194835734.6,94.9,3.3,0.7,73.1,11.3,5.2,98.9,89.6
Barnet,302,0.056646825,0.009722222,0.025413827,0.026971762,6235,6913,40,0,8.3%,9.5%,315,840,0,0,0,0,0,10086,20912,1525,0,0,NULL,NULL,60,270,0,0,900,9484,18069,0,0,747,1,1,60,270,0,0,0,900,1,1,20076,2948,3714,815,0,747,0,0,0,0,0,0,NULL,NULL,8099,8281,9942,1053,0,5148,0,0,0,0,0,0,NULL,NULL,8514,4202,14086,573,0,5148,16636.6356,7448.625685,24683.41162,z,z,z,4,9,2,0,0,0,10730629.96,645,2011128.935,270,20734065.76,840,0,0,0,0,0,0,0.258677923,0.451523901,112361169,85.2,7.8,2.6,67.1,12.6,5.6,95.6,85.3
Bexley,303,0.043588264,0.05264326,0.069634774,0.041731258,3759,1908,0,0,7.3%,9.4%,420,0,0,150,0,0,0,3128,18225,1680,0,0,1,1,80,0,0,0,0,5500,7394,4065,2100,0,1,1,0,80,0,0,0,0,1,1,2600,4144,4800,2215,5300,0,0,0,150,0,0,0,0,68,210,1530,13598,4605,1050,2040,0,0,150,0,0,0,0,69,210,3600,12053,1680,3450,2040,14665.22437,6407.857754,z,z,z,z,1,3,0,0,0,0,439956.7311,30,576707.1978,90,0,0,0,0,0,0,0,0,0.225116578,0.174833802,57825284.17,89.9,6.5,1.9,68.6,13.9,6.0,98.3,88.5
Brent,304,0.085698027,-0.005462822,0.044393271,0.005629118,7347,4864,100,130,12.0%,9.8%,0,240,240,309,0,0,0,5581,21183,1466,0,840,1,1,0,270,0,0,0,6231,14063,1750,0,0,1,1,0,270,0,0,0,0,1,1,6029,11003,2350,0,0,2662,529,0,20,0,0,0,0.963570128,13,7091,8558,9877,420,0,3124,240,289,0,0,20,0,0.963570128,13,2987,6051,15042,1256,610,3124,24064.86114,6784.078665,z,z,z,z,9,4,0,0,0,0,21658375.03,900,1017611.8,150,0,0,0,0,0,0,0,0,0.216270384,0.422496456,173322185.1,87.6,7.1,2.1,62.4,13.8,6.2,96.8,82.4
Bromley,305,0.033361502,-0.002755631,0.039240506,0.013866513,6144,4448,80,0,8.2%,5.9%,150,240,0,127,0,0,0,8199,21234,420,0,0,1,1,259,0,0,0,1380,7514,13775,1601,1400,1200,1,1,259,0,0,0,0,1380,1,1,6234,1602,10403,3022,3029,1200,0,0,37,90,0,0,0,68,3489,7944,11902,1310,1395,3813,0,0,127,0,0,0,0,69,3600,4487,15643,1890,420,3813,17591.93571,5983.880436,z,z,11466.77636,z,11,17,0,0,3,0,25631450.33,1457,2956036.936,494,0,0,0,0,1032009.873,90,0,0,0.195573545,0.135884285,80010688.32,86.6,7.9,2.6,73.0,12.7,5.3,97.0,91.0
Croydon,306,0.053184645,0.01430716,0.050599494,-0.003739963,10665,6449,50,10,15.9%,14.7%,30,360,0,240,0,0,0,9639,23645,3714,0,0,1,1,0,0,0,0,1680,9029,14326,2085,1200,0,NULL,NULL,0,0,0,0,0,1680,NULL,NULL,5312,5170,11375,1744,0,3039,30,0,210,0,0,0,0.125,60,5110,4983,15039,4388,840,6638,30,0,210,0,0,0,0.125,57,5179,4233,17065,3253,630,6638,23384.58935,15429.97018,22780.85259,z,z,24175.42042,8,10,3,0,0,1,44196873.86,1890,6943486.579,450,25286746.37,1110,0,0,0,0,21757878.38,900,0.231410446,0.467527729,214034544.3,83.3,9.5,2.8,62.9,14.9,7.3,95.6,85.1
Ealing,307,0.021040289,-0.007914536,0.043425814,0.001333249,7365,7052,0,120,12.3%,11.0%,0,390,30,143,0,0,0,6281,24616,1623,0,0,1,1,473,322,0,0,1330,14241,6123,0,0,0,1,1,473,172,150,0,0,1330,0.811320755,31,14154,3040,2330,0,0,840,30,93,50,0,0,0,0.710982659,17,6770,11731,11027,1378,0,1614,30,30,113,0,0,0,0.346820809,32,2925,9092,16740,2149,0,1614,17390.73622,19986.24932,z,29416.68701,22316.51509,z,6,3,0,2,1,0,12069170.94,694,2997937.398,150,0,0,20297514.03,690,669495.4527,30,0,0,0.206069305,0.288363502,131777790,86.5,7.1,2.3,63.8,12.5,6.2,95.8,82.5
Enfield,308,0.055176104,0.029901482,0.021423269,0.037172553,6090,5454,240,220,9.1%,11.8%,0,368,0,0,0,0,0,6215,22185,5070,840,210,NULL,NULL,30,83,0,0,0,8528,16147,1365,1115,0,1,1,30,83,0,0,0,0,1,1,3907,6782,11188,3713,1115,450,0,0,0,0,0,0,NULL,NULL,4350,8160,13421,1470,1015,6104,0,0,0,0,0,0,NULL,NULL,2100,9626,11685,3570,1435,6104,17445.53467,11391.38777,z,z,z,z,4,3,0,0,0,0,9141460.169,524,1025224.899,90,0,0,0,0,0,0,0,0,0.213557787,0.227299459,122655077.1,86.0,7.1,2.7,65.5,13.6,6.4,95.8,85.5
Haringey,309,0.029676935,-0.010706236,-0.02515018,0.028434121,2423,2396,0,0,14.2%,9.1%,90,405,0,0,0,0,0,7002,16485,0,240,0,NULL,NULL,391,1024,0,0,0,7700,6929,0,0,0,1,1,174,1002,0,239,0,0,0.831095406,30,4172,4712,4665,1080,0,0,0,0,0,0,0,0,NULL,NULL,840,6120,11409,1740,1290,2328,0,0,0,0,0,0,NULL,NULL,2370,2310,12120,3387,1212,2328,19741.36659,12444.50485,z,z,z,z,2,1,0,0,0,0,7106891.972,360,373335.1454,30,0,0,0,0,0,0,0,0,0.042693191,0.321414263,43029994.73,85.7,7.6,3.2,71.8,12.1,5.5,96.5,89.4
Harrow,310,0.058260029,-0.003085709,0.011957522,0.011037712,2616,7839,240,500,9.2%,8.6%,120,213,20,175,0,0,0,10069,11129,1260,0,420,1,1,0,0,0,0,0,9463,5772,1280,0,0,NULL,NULL,0,0,0,0,0,0,NULL,NULL,6193,2267,3855,1250,0,2950,20,0,175,0,0,0,0.102564103,63,5511,5669,6579,630,0,4489,0,20,175,0,0,0,0.102564103,60,2964,3835,10960,630,0,4489,16239.21909,24582.93249,z,34663.65447,z,16702.68495,20,1,0,1,0,1,54563776.15,3360,5162415.824,210,0,0,6239457.804,180,0,0,17287278.93,1035,0.31155482,0.29943128,126068117.7,84.9,7.8,2.8,64.7,13.1,6.4,95.4,84.2
Havering,311,0.069248826,0.021171903,0.09718937,0.015653263,6101,1359,60,10,8.9%,15.4%,1200,450,21,120,0,0,0,4132,20274,180,0,0,1,1,0,150,300,0,0,1924,9924,3150,0,0,0.333333333,109,0,0,450,0,0,0,0,74,881,3771,5306,3890,1150,0,0,21,120,0,0,0,0.14893617,57,1766,5229,10977,2333,0,4281,0,0,141,0,0,0,0,69,1106,2772,12786,3281,360,4281,11737.03224,8426.617169,z,z,z,z,11,8,0,0,0,0,18603196.1,1585,2527985.151,300,0,0,0,0,0,0,0,0,0.314560888,-0.031994289,103005790,87.5,6.9,2.2,76.7,11.2,4.5,96.6,92.4
Hillingdon,312,0.061071978,0.010083312,0.051339693,0.017741054,7867,3784,50,0,14.6%,12.9%,150,522,0,390,0,0,0,4560,24412,2520,0,0,1,1,0,0,0,0,0,9621,9600,4269,0,0,NULL,NULL,0,0,0,0,0,0,NULL,NULL,6468,3924,8129,1629,1740,1600,0,0,330,0,0,60,0,68,3930,5474,15690,660,0,5738,0,0,330,0,0,60,0,69,3420,3740,14784,3150,660,5738,z,4917.422,16601.55862,24461.55152,z,z,0,1,1,2,0,0,0,0,147522.66,30,10458981.93,630,14628007.81,598,0,0,0,0,0.264075915,0.37878453,113305659.5,89.4,6.4,2.1,67.9,12.7,6.2,97.9,86.8
Hounslow,313,-0.003555556,-0.00605291,0.033047993,0.017401067,6913,6513,20,0,8.8%,9.5%,0,72,120,0,0,0,0,7720,16650,1110,0,0,1,1,120,364,100,0,1260,9252,7698,2596,0,1050,0.828767123,89,120,0,364,0,0,1360,0.247933884,65,10664,984,4002,1596,0,3350,0,120,0,0,0,0,1,1,2730,8320,9000,1290,780,3360,120,0,0,0,0,0,1,1,2460,2490,13600,2730,840,3360,19182.26261,4868.619928,z,55655.63762,z,z,8,1,0,1,0,0,36829944.21,1920,584234.3913,120,0,0,8348345.643,150,0,0,0,0,0.374791078,0.228913846,128594212.7,84.2,9.4,2.8,65.0,12.3,7.0,96.4,84.2
Kingston upon Thames,314,0.028271166,-0.008140912,-0.009779107,-0.002416015,3708,2260,210,0,10.9%,5.5%,30,75,0,0,30,0,0,3090,9990,1710,0,0,0,118,228,0,0,0,0,8411,4052,0,0,0,1,1,228,0,0,0,0,0,1,1,7223,0,3125,927,0,1188,0,0,0,0,30,0,0,68,870,5340,4320,1470,660,2130,0,0,0,30,0,0,0,69,420,3900,6210,1470,660,2130,18292.35315,5239.218891,z,z,z,z,8,3,0,0,0,0,10426641.29,570,471529.7002,90,0,0,0,0,0,0,0,0,0.221091834,0.266526205,51958601.96,82.1,7.9,3.6,70.1,12.3,5.4,93.7,87.8
Merton,315,0.03899922,0.005819884,0.049714648,0.000253646,4403,1353,0,0,16.2%,5.5%,0,175,0,0,0,0,0,4178,13995,446,420,0,NULL,NULL,0,0,0,0,1150,6442,3692,0,0,0,NULL,NULL,0,0,0,0,0,1150,NULL,NULL,6442,2312,1380,0,0,0,0,0,0,0,0,0,NULL,NULL,4785,5696,7088,630,420,420,0,0,0,0,0,0,NULL,NULL,3771,5044,9384,0,420,420,23514.4339,z,z,12576.81168,z,z,7,0,0,1,0,0,23984722.58,1020,0,0,0,0,3773043.503,300,0,0,0,0,0.196545077,0.421591805,79031895.14,82.0,7.0,3.0,63.6,14.7,7.3,92.0,85.5
Newham,316,0.087197595,0.013219716,0.044325332,0.005453274,6744,8540,160,50,7.6%,1.7%,330,840,0,0,0,0,0,14555,20337,2100,0,420,NULL,NULL,90,60,0,0,0,10423,10000,1555,0,1140,1,1,90,60,0,0,0,0,1,1,5700,7261,6462,1000,1200,1495,0,0,0,0,0,0,NULL,NULL,18165,6482,9615,1020,0,2130,0,0,0,0,0,0,NULL,NULL,12542,6720,12615,2775,630,2130,25773.95271,z,z,13868.38069,z,z,5,0,0,3,0,0,14304543.75,555,0,0,0,0,6240771.312,450,0,0,0,0,0.272052229,0.365141464,229559561.8,94.1,3.9,0.8,65.2,17.0,6.6,98.8,88.8
Redbridge,317,0.053318935,0.003982047,0.043876164,0.01030227,5348,9822,20,0,3.8%,3.1%,210,0,30,116,0,0,420,11970,17151,1830,0,0,1,1,0,0,0,0,0,16446,9992,1244,0,0,NULL,NULL,0,0,0,0,0,0,NULL,NULL,12931,8373,5778,0,0,600,0,0,60,0,0,506,0,68,7868,10000,8230,1680,0,3173,0,0,60,0,0,506,0,69,2850,4099,19089,1260,480,3173,20638.71161,4217.262355,16763.68155,27778.99294,z,z,5,5,1,3,0,0,14859872.36,720,632589.3533,150,14081492.5,840,35001531.11,1260,0,0,0,0,0.328000341,0.264847414,194310596.7,83.5,9.1,2.6,66.1,14.3,6.1,95.2,86.5
Richmond upon Thames,318,0.034728406,-0.000474918,0.010371752,0.00839063,5416,4242,60,190,12.3%,8.7%,0,30,56,24,0,0,0,10196,7746,360,0,0,1,1,0,0,150,0,0,4714,4150,2250,0,900,0,111,0,150,0,0,0,0,1,1,3914,2000,4150,0,0,1950,0,0,24,0,0,56,0,68,5600,5160,4416,0,0,3126,0,0,24,0,0,56,0,69,5040,6410,3726,0,0,3126,16789.07397,1018.828624,z,z,z,z,4,3,0,0,0,0,8562427.726,510,91694.57617,90,0,0,0,0,0,0,0,0,0.275298074,0.465996097,51590080.7,84.7,7.3,3.5,60.8,14.3,7.4,95.4,82.5
Sutton,319,0.013278856,0.00164567,0.001784652,0.00667592,4452,4256,60,400,2.8%,1.9%,210,183,0,30,0,0,0,4971,12035,0,0,0,1,1,0,103,0,0,975,8474,10349,0,1315,0,1,1,0,0,103,0,0,975,0,74,9434,3245,4797,2662,0,0,0,0,30,0,0,0,0,68,3876,3277,7367,594,0,1892,0,0,30,0,0,0,0,69,1670,4027,7755,1662,0,1892,13958.92326,7369.434163,z,14246.16943,z,z,6,3,0,10,0,0,10259808.59,735,663249.0747,90,0,0,28720277.57,2016,0,0,0,0,0.314573239,0.273013257,141769121,83.9,6.4,2.5,72.6,13.2,4.7,92.8,90.5
Waltham Forest,320,0.063295323,0.009709139,0.057356979,0.034132225,6504,2466,1010,0,12.2%,5.1%,0,391,0,120,0,0,0,7440,19410,0,420,0,1,1,120,0,0,0,0,1400,15325,0,0,0,1,1,120,0,0,0,0,0,1,1,2000,3114,8224,1887,0,1500,30,0,90,0,0,0,0.25,46,8190,6210,8700,2250,0,1920,0,30,90,0,0,0,0.25,41,5940,5550,10890,2340,630,1920,21686.41297,6556.126077,z,29887.71298,z,z,9,2,0,2,0,0,13662440.17,630,393367.5646,60,0,0,17932627.79,600,0,0,0,0,0.249091445,0.237135541,210347814.1,89.5,6.7,1.3,74.2,12.6,4.3,97.5,91.0
Birmingham,330,0.039716866,0.011403501,0.042640829,0.015918852,13591,18209,1580,790,6.2%,6.3%,1500,4787,150,225,129,0,0,19434,74181,16138,3810,0,0.744047619,105,160,244,60,0,800,27429,35691,11669,5078,0,0.870689655,84,0,0,184,0,120,960,0,74,18143,12396,31668,8134,4144,5382,0,150,129,105,0,120,0.390625,32,16464,20639,49084,11344,8185,7847,0,150,234,0,0,120,0.390625,28,8216,18191,53782,12600,12927,7847,10964.94664,4267.405042,z,7581.091275,3805.687586,z,9,17,0,1,3,0,10131610.7,924,4335683.523,1016,0,0,568581.8456,75,380568.7586,100,0,0,0.211697414,0.258163041,294689266.7,89.1,6.6,2.3,67.7,12.7,6.0,98.0,86.4
Coventry,331,0.000319744,0.047577938,0.01812591,0.033122943,6561,2033,160,830,7.9%,9.7%,0,1145,0,0,0,0,0,1470,29460,2765,0,0,NULL,NULL,0,0,0,0,0,5064,13203,2808,1083,0,NULL,NULL,0,0,0,0,0,0,NULL,NULL,1419,4122,6697,4869,3111,1940,0,0,0,0,0,0,NULL,NULL,840,3320,24210,3360,315,1650,0,0,0,0,0,0,NULL,NULL,1050,1470,23540,4095,1890,1650,17607.75082,z,z,z,z,z,1,0,0,0,0,0,3697627.672,210,0,0,0,0,0,0,0,0,0,0,0.255974868,0.216316879,84472943.1,94.8,4.0,0.5,77.2,11.5,3.7,99.3,92.5
Dudley,332,0.00644876,0.007443712,0.034170854,0.003310671,889,0,140,90,4.2%,10.2%,0,645,0,15,42,0,0,1844,19652,4362,1050,0,0.263157895,116,0,0,0,0,0,3475,11357,1630,900,0,NULL,NULL,0,0,0,0,0,0,NULL,NULL,0,2755,5866,8741,0,0,0,15,42,0,0,0,0.263157895,45,630,3349,11057,7577,4295,0,0,0,57,0,0,0,0,69,210,1724,13301,4436,7237,0,15443.57392,z,z,z,z,z,9,0,0,0,0,0,9188926.48,595,0,0,0,0,0,0,0,0,0,0,0.118855975,-0.079678173,30664155.28,92.3,4.7,1.0,82.0,9.6,2.6,98.0,94.3
Sandwell,333,-0.004663105,0.002892306,0.028817573,0.011839387,5421,2579,480,460,3.6%,5.5%,240,1415,0,0,0,0,0,6668,20363,6040,762,0,NULL,NULL,0,0,0,0,0,4000,12602,4855,1476,0,NULL,NULL,0,0,0,0,0,0,NULL,NULL,0,2153,10573,7583,1394,1230,0,0,0,0,0,0,NULL,NULL,4315,6504,15716,3470,1882,1946,0,0,0,0,0,0,NULL,NULL,1759,5288,19267,2657,2916,1946,15320.29094,6800.775792,z,22623.45329,z,27257.87567,6,11,0,1,0,1,17986021.57,1174,2040232.738,300,0,0,6787035.988,300,0,0,19625670.48,720,0.298805539,0.725840979,111350997.3,91.2,4.0,1.3,73.3,11.9,4.4,96.6,89.6
Solihull,334,0.020628891,0.007280785,0.036416,0.01632,879,1246,160,20,4.6%,7.6%,513,150,30,248,0,0,0,4928,11986,2614,0,0,1,1,30,55,0,0,0,4557,9310,4030,0,0,1,1,30,0,55,0,0,0,0.352941176,54,1500,4231,9196,1250,1400,320,105,120,0,53,0,0,0.809352518,16,2608,1455,8297,4922,210,2036,105,120,30,23,0,0,0.809352518,14,1365,1905,11243,1200,1779,2036,18567.43925,3926.730499,z,14223.35443,z,z,6,6,0,1,0,0,9747905.606,525,530108.6173,135,0,0,2133503.164,150,0,0,0,0,0.144228518,0.33925962,32580117.68,89.8,6.3,1.2,79.3,9.1,4.0,97.3,92.4
Walsall,335,-0.024788732,-0.00285446,0.030124993,0.005068832,2048,0,430,220,5.9%,4.1%,660,300,180,167,0,0,0,3735,17972,4020,840,0,1,1,164,0,100,0,0,3228,9387,9097,0,0,0.621212121,102,164,0,0,100,0,0,0.621212121,39,1728,2614,9456,6264,1350,300,95,180,45,0,0,27,0.859375,14,2980,3678,12991,3480,1155,2283,0,105,170,45,0,27,0.328125,35,1775,3288,13431,3720,2070,2283,25938.59321,z,z,z,z,z,2,0,0,0,0,0,6121507.998,236,0,0,0,0,0,0,0,0,0,0,0.185260281,0.259417634,56636835.62,89.5,5.5,1.7,72.9,12.4,4.3,96.7,89.6
Wolverhampton,336,-0.002137191,0.000821997,0.00401263,0.018550191,2208,3345,560,50,2.4%,5.6%,270,754,0,120,0,0,0,3799,18713,983,420,0,1,1,95,355,0,0,0,3264,9833,2937,0,0,1,1,428,0,22,0,0,0,0.951111111,27,4281,2712,4706,1906,989,1440,0,30,90,0,0,0,0.25,46,2198,3769,13527,840,2143,1438,30,0,60,0,30,0,0.25,41,4502,2402,12470,210,2893,1438,21758.46018,16432.97692,z,z,z,z,6,8,0,0,0,0,18059521.95,830,5915871.691,360,0,0,0,0,0,0,0,0,0.320713392,0.411659485,47299625.99,87.0,7.0,2.1,71.7,10.8,4.9,96.1,87.3
Knowsley,340,-0.001248927,0.01912419,0.00075188,0.02443609,0,0,30,0,7.5%,12.3%,0,0,30,116,0,0,0,1335,10774,1727,0,0,1,1,0,60,0,0,0,0,1416,3505,2100,0,1,1,0,0,0,0,60,0,0,74,0,0,0,1100,5921,0,0,0,100,0,46,0,0,68,2380,1777,7510,630,1004,535,0,0,130,0,16,0,0,69,1820,3562,6255,420,1244,535,z,z,z,z,z,z,0,0,0,0,0,0,0,0,0,0,0,0,0,0,0,0,0,0,0.086105837,-0.150841844,3425336.49,88.8,5.1,2.1,79.3,9.2,4.3,96.0,92.9
Liverpool,341,0.006135791,-0.003027705,0.02121699,0.01639682,3423,0,990,100,6.4%,10.4%,60,175,263,525,66,0,0,6504,26534,4312,945,0,0.922716628,93,290,0,296,0,0,3701,11447,14744,3890,0,0.494880546,107,249,0,41,96,50,150,0.571100917,44,2732,1882,9228,9115,9575,1250,198,120,320,157,0,59,0.4,30,4618,3771,19121,5845,2428,2512,0,33,727,0,35,59,0.041509434,67,4375,2291,22817,3828,2472,2512,16177.08274,z,z,22861.94374,z,z,14,0,0,1,0,0,19250728.46,1190,0,0,0,0,2400504.093,105,0,0,0,0,0.203367386,0.152585944,59744068.58,87.5,6.3,1.9,70.5,12.5,5.4,95.6,88.4
St Helens,342,0.004186078,0.009317399,-0.004299688,0.00096743,1271,580,120,310,9.8%,8.0%,210,0,0,0,0,0,0,3940,9414,2624,0,0,NULL,NULL,0,0,0,0,0,0,7373,3636,750,0,NULL,NULL,0,0,0,0,0,0,NULL,NULL,0,0,5541,4386,1832,0,0,0,0,0,0,0,NULL,NULL,420,2645,9144,2749,630,390,0,0,0,0,0,0,NULL,NULL,210,1680,12318,525,855,390,6610.93769,13506.29233,z,z,z,z,5,4,0,0,0,0,2974921.961,450,1012971.925,75,0,0,0,0,0,0,0,0,0.092750612,0.064005791,21182518.19,92.4,4.6,1.1,90.8,4.6,1.2,98.1,96.6
Sefton,343,-0.012280119,-0.006258594,0.024619074,0.018481941,0,0,60,60,5.6%,15.4%,0,0,0,0,0,0,0,2737,18734,420,210,0,NULL,NULL,0,0,0,0,0,2936,5444,8483,1779,0,NULL,NULL,0,0,0,0,0,0,NULL,NULL,0,1030,6614,5891,5107,0,0,0,0,0,0,0,NULL,NULL,1825,3466,11111,3104,630,1965,0,0,0,0,0,0,NULL,NULL,1378,2351,12093,1345,2969,1965,11517.98774,z,z,z,z,z,2,0,0,0,0,0,2764317.059,240,0,0,0,0,0,0,0,0,0,0,0.071026616,-0.107338902,11696194.91,93.7,4.4,0.8,86.6,9.0,1.7,98.9,97.3
Wirral,344,0.020063276,0.005324485,0.021643805,0.013379807,825,0,60,0,10.9%,13.4%,120,180,48,153,23,0,0,5394,18916,2941,0,0,0.897321429,97,400,421,104,0,0,8762,9216,3039,0,0,0.887567568,83,214,379,202,24,106,0,0.641081081,37,3496,6860,7158,1069,2434,0,0,88,115,0,21,0,0.392857143,31,1260,2626,15376,4671,1299,2019,88,0,92,44,0,0,0.392857143,27,1540,2052,14971,3963,2706,2019,10562.52668,z,z,z,z,z,3,0,0,0,0,0,2492756.296,236,0,0,0,0,0,0,0,0,0,0,0.077846843,0.019736131,10319571.82,91.7,5.2,1.2,87.6,7.9,1.6,98.1,97.1
Bolton,350,-0.011145423,0.005501722,0.012182855,0.000726501,4983,2153,560,40,3.7%,7.1%,295,1733,75,0,0,0,0,8070,17258,2647,210,0,1,1,134,150,0,0,0,3998,11010,6075,0,0,1,1,134,0,0,150,0,0,0.471830986,49,2313,900,5293,10252,1725,600,0,0,75,0,0,0,0,68,5370,4725,14850,1260,1380,600,75,0,0,0,0,0,1,1,1920,3330,19185,1470,1680,600,16823.87033,10363.40494,53174.60317,z,z,z,1,4,1,0,0,0,1177670.923,70,1243608.592,120,1595238.095,30,0,0,0,0,0,0,0.261717203,0.278929298,66415938.59,88.0,6.3,2.3,75.2,11.9,4.2,96.5,91.3
Bury,351,-0.026637998,-0.006749089,0.031740339,0.020711916,1311,0,90,310,7.2%,3.5%,175,0,0,0,0,0,0,2544,11624,2222,338,0,NULL,NULL,0,0,186,0,0,0,4914,1964,3060,0,0,111,0,0,0,186,0,0,0,74,0,900,3641,4409,0,988,0,0,0,0,0,0,NULL,NULL,1040,2706,11484,950,338,210,0,0,0,0,0,0,NULL,NULL,1273,2225,12180,420,420,210,17336.46322,2436.56053,z,z,z,z,3,1,0,0,0,0,2427104.851,140,36548.40795,15,0,0,0,0,0,0,0,0,0.107852542,0.047948902,24028737.1,88.4,6.6,1.4,79.0,10.0,2.8,96.4,91.8
Manchester,352,0.068989785,0.008947961,0.079887252,0.01494987,13733,10534,2870,0,10.4%,5.5%,30,1280,487,360,105,0,420,10655,38275,3449,0,0,0.889705882,98,0,570,100,0,1200,6138,18199,3900,2550,2650,0.850746269,85,0,0,570,0,100,1200,0,74,2652,4936,11439,3720,6840,3850,180,0,60,427,105,600,0.233160622,48,9703,12196,21428,4177,2955,1920,0,487,285,0,0,600,0.630829016,17,6617,7064,28182,4096,4500,1920,14323.59,6780.044675,z,19253.87622,8341.612379,31675.41639,6,9,0,3,3,2,13607410.5,950,4271428.145,630,0,0,20216570.03,1050,875869.2998,105,38010499.67,1200,0.421099687,0.821783277,333587176.2,90.9,4.8,1.5,76.7,11.1,4.2,97.2,92.1
Oldham,353,0.069030462,0.028209957,0.085115836,0.037892732,2583,958,400,190,5.0%,1.5%,630,858,20,35,0,0,0,4835,15395,3475,315,0,1,1,0,150,0,0,1500,3037,7939,1500,1500,0,1,1,0,0,0,150,0,1500,0,74,0,1537,2250,7339,2850,0,20,0,35,0,0,0,0.363636364,35,4145,6480,10020,1995,420,960,0,20,0,35,0,0,0.363636364,30,2305,3830,13870,1375,1680,960,9416.342573,z,16374.56771,z,z,z,5,0,1,0,0,0,6591439.801,700,0,0,10315977.65,630,0,0,0,0,0,0,0.190604344,0.180496548,80818192.62,92.9,3.9,0.9,74.6,10.8,3.7,97.7,89.1
Rochdale,354,-0.004660139,0.008284692,0.035714286,0.012035872,3104,0,560,540,3.8%,2.5%,88,120,0,280,0,0,0,3673,16462,1470,210,0,1,1,0,300,0,0,0,1350,7830,4650,0,0,1,1,0,0,0,300,0,0,0,74,750,0,4800,5130,3150,0,100,75,90,15,0,0,0.625,21,3205,2202,12095,2999,1314,0,60,0,220,0,0,0,0.214285714,44,2038,945,14790,2978,1064,0,13846.08567,2895.555752,z,9662.99677,z,z,5,4,0,5,0,0,5399973.413,390,347466.6903,120,0,0,4444978.514,460,0,0,0,0,0.235406056,0.19789916,62594960.49,92.6,4.5,0.9,87.9,6.7,1.3,98.0,95.9
Salford,355,0.01587375,0.015827471,-0.019159127,-0.012329253,4380,0,240,50,7.9%,5.7%,0,135,0,195,0,0,0,4635,15613,2084,660,0,1,1,0,0,50,0,0,900,5375,4775,960,0,0,111,0,0,0,0,0,50,NULL,NULL,1175,600,2400,0,5010,2825,0,195,0,0,0,0,1,1,2625,4230,12743,2074,600,720,0,195,0,0,0,0,1,1,2475,3960,13227,675,1935,720,11214.45626,6737.056876,z,z,5865.793869,z,10,7,0,0,1,0,21195322.33,1890,1515837.797,225,0,0,0,0,175973.8161,30,0,0,0.301972504,0.248613678,58319403.43,92.3,4.1,1.1,80.6,8.2,2.5,97.5,91.3
Stockport,356,0.000531632,0.002658161,0.018178005,0.014192827,4462,466,80,30,9.4%,10.1%,195,0,0,0,0,0,420,6077,18144,1444,630,0,NULL,NULL,0,92,245,0,1050,2852,7334,4739,0,0,0.272997033,110,0,0,171,0,166,1050,0,74,1568,2189,9168,750,1250,0,0,0,0,0,0,420,NULL,NULL,2100,4868,12734,4184,1095,1314,0,0,0,0,0,420,NULL,NULL,2310,2000,18677,959,1035,1314,16335.67081,z,z,z,z,z,8,0,0,0,0,0,22869939.13,1400,0,0,0,0,0,0,0,0,0,0,0.176259337,0.10611575,43807468.87,91.4,5.4,1.4,81.0,9.0,3.3,98.3,93.2
Tameside,357,0.014238773,0.009857612,0.035006358,0.017652779,3554,27,30,160,6.4%,1.9%,90,540,0,116,0,0,0,1259,18076,2816,0,0,1,1,120,30,30,0,1050,2586,7423,2400,750,0,0.833333333,87,0,0,180,0,0,1050,0,74,0,3946,3344,2944,2925,0,23,0,60,33,0,0,0.198275862,52,4514,2824,8641,2216,1080,2876,0,0,116,0,0,0,0,69,2593,2568,12194,420,1500,2876,10459.08788,2920.754069,1225.409506,17973.52494,z,z,2,4,1,2,0,0,1045908.788,100,350490.4883,120,128667.9982,105,3594704.989,200,0,0,0,0,0.217827458,0.316935624,54977165.68,91.4,4.6,1.5,83.5,9.0,1.9,97.5,94.4
Trafford,358,0.012569369,-0.001422947,-0.00867442,-0.008738675,3363,1202,330,520,4.4%,4.7%,175,185,187,30,0,0,0,9724,10736,280,0,0,1,1,53,51,0,0,0,8280,9932,1634,0,0,1,1,0,51,53,0,0,0,0.490384615,48,4381,4700,6756,3283,726,0,30,187,0,0,0,0,1,1,6852,5731,6682,560,0,915,30,187,0,0,0,0,1,1,5156,6556,7798,315,0,915,15737.25654,z,z,z,z,z,6,0,0,0,0,0,13219295.49,840,0,0,0,0,0,0,0,0,0,0,0.208581236,0.200041632,77896483.06,89.6,5.5,1.9,79.1,12.2,3.8,97.0,95.0
Wigan,359,0.016515837,0.000980392,0.023845678,0.012991395,1485,253,480,300,6.2%,5.2%,105,0,21,0,0,0,0,8008,18029,690,0,0,1,1,0,0,0,0,0,0,14821,3896,0,0,NULL,NULL,0,0,0,0,0,0,NULL,NULL,909,1300,3550,9736,2722,500,0,0,0,0,0,21,NULL,NULL,3705,3179,15696,2065,805,1277,0,0,0,0,0,21,NULL,NULL,1851,3009,16326,1918,2346,1277,13254.88994,7214.060288,z,16131.28385,z,z,3,4,0,4,0,0,4241564.781,320,757476.3302,105,0,0,10001395.99,620,0,0,0,0,0.106044628,0.063923507,47148545.75,93.5,4.1,1.0,89.3,6.6,0.9,98.7,96.9
Barnsley,370,-0.04212262,0.002498376,-0.000174155,0.021072797,1733,0,110,100,5.4%,4.0%,0,290,0,30,0,0,0,4755,12025,3841,0,0,1,1,0,0,0,0,0,0,6300,3300,0,0,NULL,NULL,0,0,0,0,0,0,NULL,NULL,0,1700,6700,0,0,1200,30,0,0,0,0,0,1,1,4045,3260,10525,1226,1565,0,0,0,30,0,0,0,0,69,1045,2195,13855,1610,1916,0,13213.7599,7539.333028,z,z,z,z,10,8,0,0,0,0,8258599.936,625,1545563.271,205,0,0,0,0,0,0,0,0,0.198783441,0.046282619,30289536.73,90.5,6.0,0.9,94.5,3.4,0.5,97.4,98.4
Doncaster,371,0.027956989,0.007834101,0.081022778,0.027219085,2696,0,20,90,13.6%,18.1%,301,690,0,327,0,0,0,3105,16022,6086,1387,0,1,1,0,0,0,0,0,1503,9223,7927,1166,329,NULL,NULL,0,0,0,0,0,0,NULL,NULL,845,5927,7924,3957,1166,329,0,0,297,0,0,30,0,68,1820,1807,15175,1679,2890,3229,0,0,120,177,0,30,0,69,2304,680,11238,4019,5130,3229,17748.73486,6080.362282,13866.59648,z,z,z,7,2,1,0,0,0,11288195.37,636,243214.4913,40,6545033.54,472,0,0,0,0,0,0,0.138054802,0.209694989,36128888.25,95.5,1.8,0.5,86.7,4.0,4.8,97.8,95.6
Rotherham,372,0.014584763,0.009651682,0.016373337,0.020175385,2700,691,10,330,11.2%,9.5%,315,375,0,105,0,0,0,3832,15443,3915,916,0,1,1,0,150,0,0,0,2980,10928,1444,704,0,1,1,0,0,0,150,0,0,0,74,0,2280,4605,8467,704,0,0,0,105,0,0,0,0,68,2279,1730,12883,3250,1612,2352,0,0,105,0,0,0,0,69,735,629,13769,1873,4748,2352,12495.02032,z,27903.75035,16147.27685,z,z,4,0,1,1,0,0,1649342.683,132,0,0,8789681.361,315,4440501.133,275,0,0,0,0,0.130455963,0.091270813,31058098.27,97.1,1.8,0.2,92.5,4.0,0.9,99.1,97.3
Sheffield,373,0.033212737,0.012022202,0.022798456,0.013074514,4213,5683,570,620,6.9%,8.0%,0,135,212,63,0,0,420,6472,33663,6647,0,0,1,1,120,1326,0,0,1950,6599,14816,7228,0,0,1,1,120,306,30,0,0,2940,0.934210526,28,2473,8402,13455,2213,900,1200,0,21,192,62,0,420,0.076363636,65,2248,8010,21224,8967,1563,4770,150,0,125,0,0,420,0.545454545,20,2615,4658,20863,9177,4699,4770,17438.68531,6483.543187,z,20587.5995,10741.22489,z,4,5,0,1,1,0,10062121.42,577,1167037.774,180,0,0,25158046.59,1222,644473.4935,60,0,0,0.187597952,0.207813194,122132505.7,92.0,5.3,1.2,89.8,5.3,1.7,98.4,96.9
Bradford,380,0.029195887,0.003215726,0.043351268,0.007194466,7729,4205,30,120,8.9%,6.3%,420,1200,15,126,0,0,0,7768,36198,9293,417,0,1,1,0,79,0,0,0,8847,13180,12192,1858,0,1,1,0,60,19,0,0,0,0.759493671,34,7643,6916,8357,5308,6803,1050,18,60,63,0,0,0,0.553191489,24,9645,11384,23909,6211,840,1687,18,0,123,0,0,0,0.127659574,55,7219,5885,30861,5082,2942,1687,17240.15953,12425.53329,z,8098.991691,z,18175.65919,7,1,0,1,0,1,13447324.43,780,186382.9994,15,0,0,1214848.754,150,0,0,19084442.15,1050,0.135317427,0.384696881,116676746.5,88.5,6.2,2.0,72.0,10.8,4.5,96.7,87.4
Calderdale,381,0.005578437,0.00359731,0.008110478,0.012348385,1340,1479,60,0,11.1%,5.4%,35,1090,91,0,0,0,0,4778,12996,2316,210,0,1,1,0,0,0,0,0,4305,9556,0,1392,0,NULL,NULL,0,0,0,0,0,0,NULL,NULL,1900,4909,5349,3095,0,0,0,0,0,91,0,0,0,68,1973,1745,11297,2680,1064,1541,0,0,0,0,91,0,0,69,2155,1389,12861,766,1588,1541,4735.477051,z,16132.35004,z,z,z,1,0,1,0,0,0,284128.6231,60,0,0,6775587.017,420,0,0,0,0,0,0,0.077254451,0.149160781,30583047.25,92.3,4.7,1.3,86.9,5.2,3.9,98.3,96.0
Kirklees,382,0.007997909,0.00386827,0.012058535,0.005518313,2996,1371,150,170,10.3%,5.5%,270,250,0,76,0,0,60,4437,28697,4704,1740,0,1,1,0,168,0,0,0,5294,14681,3840,3639,0,1,1,0,168,0,0,0,0,1,1,3875,2070,3394,12688,2484,2943,0,0,30,30,16,60,0,68,1664,5703,18151,3756,2688,7616,0,0,30,46,0,60,0,69,1153,1254,21508,5185,2862,7616,30707.72686,8600.980071,z,z,z,z,2,3,0,0,0,0,11239028.03,366,774088.2064,90,0,0,0,0,0,0,0,0,0.11324285,0.116588251,53224451.89,91.9,5.1,1.6,85.5,8.8,2.2,98.5,96.5
Leeds,383,0.031709281,0.009764445,0.047082857,0.004012744,12521,6618,2080,1810,6.5%,7.8%,1575,1131,157,982,105,15,420,12211,45067,11017,747,420,0.904686259,95,0,143,17,0,560,10430,29149,7857,1038,0,0.89375,82,0,52,108,0,0,560,0.325,60,7268,12637,18069,6434,1038,3028,120,343,571,165,0,480,0.386155129,34,10430,12390,33357,6107,2963,4215,60,93,896,90,60,480,0.127606339,56,6824,7354,40072,7348,3649,4215,52156.57015,16333.76895,z,74165.76098,z,z,14,36,0,1,0,0,57111444.32,1095,16333768.95,1000,0,0,18541440.24,250,0,0,0,0,0.323446431,0.277231211,287210626.2,88.4,6.0,1.7,82.4,8.6,3.0,96.1,94.1
Wakefield,384,-0.047324605,0.025631283,0.025212343,0.04687668,2716,259,230,300,5.3%,7.8%,169,180,103,242,0,0,0,4199,19760,5744,210,0,1,1,0,250,0,0,0,2950,15179,3223,0,0,1,1,0,50,200,0,0,0,0.2,66,1050,3024,11787,5491,0,0,90,30,190,0,0,35,0.387096774,33,2108,4108,15043,3713,2814,2127,0,0,310,0,0,35,0,69,1420,1890,18074,2424,3978,2127,16356.83064,10353.84132,z,z,13634.51363,z,7,4,0,0,1,0,13707024.07,838,621230.4792,60,0,0,0,0,204517.7045,15,0,0,0.253988592,0.18138506,44317155.89,92.2,4.1,0.6,93.9,3.7,0.6,97.0,98.2
Gateshead,390,0.030288847,-0.006753143,-0.01436723,0.021092317,1458,168,10,270,12.2%,2.2%,9,0,0,44,25,0,0,5779,10075,1230,0,0,0.637681159,110,0,61,0,0,0,4186,4063,2246,1250,0,1,1,0,61,0,0,0,0,1,1,0,4155,3194,1650,1496,1250,0,0,44,0,25,0,0,68,3370,2877,8564,1341,493,439,0,0,44,0,25,0,0,69,3486,888,10257,898,1116,439,17972.97331,z,z,z,z,z,2,0,0,0,0,0,5535675.779,308,0,0,0,0,0,0,0,0,0,0,0.114733496,0.098019091,20289947.44,92.0,4.6,1.5,87.4,9.5,1.2,98.1,98.0
Newcastle upon Tyne,391,0.016681179,0.004995188,0.040435459,0.00785381,1805,414,90,380,6.4%,6.3%,194,109,60,0,0,0,0,5460,14893,1575,420,0,1,1,30,456,0,0,600,5958,3125,3644,3813,0,1,1,0,0,240,0,216,630,0,74,0,2775,3418,1254,6598,2495,0,0,0,0,0,60,NULL,NULL,4897,5940,7304,210,420,3577,0,0,0,0,0,60,NULL,NULL,4319,2310,11309,413,420,3577,17652.89037,z,z,z,z,z,7,0,0,0,0,0,9267767.446,525,0,0,0,0,0,0,0,0,0,0,0.231736361,0.253966878,41581221.81,89.2,6.4,1.8,75.3,11.6,3.5,97.4,90.4
North Tyneside,392,-0.002736228,-0.004195549,0.004750824,0.006689936,24,1333,0,10,10.2%,11.5%,75,0,0,132,135,0,0,5678,11315,790,0,0,0.494382022,114,0,0,0,0,0,2006,6662,4012,450,0,NULL,NULL,0,0,0,0,0,0,NULL,NULL,0,825,3715,2660,2357,3573,0,0,267,0,0,0,0,68,2240,1875,8870,973,630,3195,0,103,164,0,0,0,0.38576779,29,2355,945,8798,420,2070,3195,z,z,z,z,z,z,0,0,0,0,0,0,0,0,0,0,0,0,0,0,0,0,0,0,0.129406051,0.050203271,10503944.65,91.9,4.3,0.8,84.0,6.9,1.6,97.0,92.5
South Tyneside,393,0.005988024,0.008896493,0.044052863,0.01645504,0,0,80,0,7.6%,10.2%,210,0,0,49,37,0,0,3180,7729,1493,0,0,0.569767442,112,0,0,0,0,0,3978,1820,4442,0,0,NULL,NULL,0,0,0,0,0,0,NULL,NULL,0,1100,6235,1905,1000,0,0,0,49,0,37,0,0,68,870,2048,5519,1794,1253,918,0,0,22,64,0,0,0,69,1080,1331,6977,1016,1080,918,z,z,z,z,z,z,0,0,0,0,0,0,0,0,0,0,0,0,0,0,0,0,0,0,0.127014399,-0.010637054,7189364.38,92.9,4.1,0.8,89.0,6.5,0.9,97.8,96.4
Sunderland,394,0.013982464,0.003414859,0.016227608,0.011169652,148,0,20,10,12.9%,10.8%,260,300,15,30,0,0,0,2748,18540,1892,0,0,1,1,0,60,30,0,0,1290,6751,5200,2750,0,0.666666667,100,30,0,0,60,0,0,0.333333333,59,300,0,3892,5985,5814,0,15,30,0,0,0,0,1,1,3115,2865,13420,660,1370,1750,15,30,0,0,0,0,1,1,1805,3650,12155,1970,1850,1750,z,z,8674.683196,z,z,z,0,0,1,0,0,0,0,0,0,0,910841.7356,105,0,0,0,0,0,0,0.06853457,0.092389758,12238823.73,94.6,3.6,0.5,87.9,6.6,1.6,98.8,96.1
Isles Of Scilly (6),420,,,,,0,285,10,10,16.0%,17.1%,0,0,,,,,,,,,,,,,,,,,,,,,,,,,,,,,,,,,,,,,,,,,,,,,,,,,,,,,,,,,,,,,,,,,,,z,z,z,z,z,z,0,0,0,0,0,0,0,0,0,0,0,0,0,0,0,0,0,0,0.01369863,-0.009345794,874552.54,,,,,,,,
Bath and North East Somerset,800,0.065269507,0.023973397,0.044856569,0.025306048,2188,1142,80,470,11.9%,10.4%,577,0,25,0,60,0,210,2984,8838,1274,525,420,0.294117647,115,0,335,0,25,0,2167,9095,2245,1131,0,0.930555556,79,0,0,0,0,335,25,0,74,2065,3021,3277,2981,1263,2031,0,0,25,60,0,210,0,68,630,1050,6137,1020,1596,3608,0,0,25,60,0,210,0,69,1153,1616,6760,839,240,3433,14751.84709,6823.090931,z,z,z,z,11,3,0,0,0,0,8762597.174,594,511731.8199,75,0,0,0,0,0,0,0,0,0.19966968,0.111142296,41983924.13,93.6,3.9,1.3,87.6,6.9,1.9,98.8,96.4
Bristol City of,801,0.026411329,0.013274949,0.014259957,0.002403977,9989,3740,30,690,11.3%,5.6%,0,600,0,45,0,0,0,9869,20207,6044,3301,0,1,1,130,212,0,0,0,4764,11135,2503,3340,0,1,1,80,50,212,0,0,0,0.380116959,53,3179,5990,7828,2640,2105,0,0,0,45,0,0,0,0,68,732,8290,18962,5466,1617,4354,0,0,45,0,0,0,0,69,2504,7215,17745,4828,2775,4354,26999.60321,z,19597.5196,13656.1246,z,z,4,0,1,1,0,0,18224732.17,675,0,0,8230958.231,420,3482311.772,255,0,0,0,0,0.318530524,0.960861423,168545416.1,87.6,7.8,2.4,71.3,13.0,6.2,97.9,90.5
North Somerset,802,0.047818643,-0.002066238,0.066678568,0.003570472,3335,1454,30,110,12.8%,12.3%,210,808,75,55,0,0,420,2866,14077,735,119,0,1,1,440,0,0,0,0,7851,2500,1750,0,900,1,1,0,140,300,0,0,0,0.318181818,61,0,1940,6556,2505,2000,0,0,0,0,30,0,520,0,68,0,1290,10730,2940,945,1892,0,0,0,30,0,520,0,69,0,830,11610,1680,1785,1892,14925.14961,10065.77533,z,z,z,z,4,2,0,0,0,0,3373083.813,226,452959.8899,45,0,0,0,0,0,0,0,0,0.119287113,0.097632609,63268315.32,93.6,4.8,0.6,96.9,2.3,0.2,99.0,99.3
South Gloucestershire,803,0.023688016,0.008463043,0.068269677,0.029689191,1711,0,80,20,9.6%,19.3%,480,45,0,0,0,0,0,3216,18539,4234,210,0,NULL,NULL,0,0,0,0,0,0,8661,5660,3518,0,NULL,NULL,0,0,0,0,0,0,NULL,NULL,900,1114,7914,6331,780,800,0,0,0,0,0,0,NULL,NULL,1437,2725,13762,3939,980,3356,0,0,0,0,0,0,NULL,NULL,1030,1470,15963,2070,2310,3356,15376.49067,2982.006038,14525.99706,z,z,z,9,8,2,0,0,0,15345737.69,998,688843.3948,231,12637617.44,870,0,0,0,0,0,0,0.183362454,0.095479345,42195404.55,91.3,6.0,0.9,81.9,10.0,2.7,98.1,94.6
Hartlepool,805,-0.002229102,0.000371517,0.021554169,-0.002079788,884,19,10,0,14.3%,8.8%,0,39,0,35,0,0,0,1079,7116,826,0,0,1,1,0,0,40,0,0,0,2565,3830,0,0,0,111,0,0,0,0,40,0,0,74,0,0,3030,1250,2115,0,0,0,35,0,0,0,0,68,1226,540,5929,735,381,210,0,0,35,0,0,0,0,69,1253,410,5722,450,976,210,13749.76591,z,z,z,z,z,2,0,0,0,0,0,494991.5728,36,0,0,0,0,0,0,0,0,0,0,0.046721422,-0.043249661,8640607.52,97.5,1.6,0.5,93.0,5.3,0.3,99.6,98.6
Middlesbrough,806,-0.012484302,0.008938465,-0.000265393,0.010217622,610,0,60,40,6.1%,1.5%,151,450,0,97,0,0,0,1142,11407,389,0,0,1,1,0,175,0,0,0,0,6295,2550,0,0,1,1,0,0,0,0,175,0,0,74,0,1470,2450,1050,3875,0,0,18,79,0,0,0,0.18556701,54,2686,2812,6148,238,1054,0,0,18,79,0,0,0,0.18556701,47,2056,1013,7555,1050,1264,0,13146.73565,z,z,z,z,z,2,0,0,0,0,0,1840542.992,140,0,0,0,0,0,0,0,0,0,0,0.197835762,0.754022526,15720388.77,95.5,2.5,0.5,77.2,9.6,4.8,98.5,91.6
Redcar and Cleveland,807,-0.01465941,-0.007549157,0.007589897,-0.003483887,424,0,10,10,11.3%,11.8%,0,0,38,46,0,0,0,2868,9152,606,0,0,1,1,0,0,0,0,0,806,2238,1362,2993,0,NULL,NULL,0,0,0,0,0,0,NULL,NULL,806,0,563,1675,4355,0,38,0,30,0,16,0,0.452380952,27,3344,2545,4156,984,834,763,0,0,84,0,0,0,0,69,1690,1302,7737,210,924,763,15059.7388,z,z,z,z,z,2,0,0,0,0,0,2243901.082,149,0,0,0,0,0,0,0,0,0,0,0.08057871,-0.10260622,4621265.57,98.4,0.7,0.1,86.6,7.3,2.0,99.2,95.9
Stockton-on-Tees,808,0.029072106,-0.015685148,0.075350852,0.002072148,3573,0,0,30,12.6%,6.5%,0,500,0,0,0,0,0,3764,14256,1362,0,0,NULL,NULL,0,240,0,0,0,3025,7343,1050,555,0,1,1,0,0,0,240,0,0,0,74,1050,750,6043,3575,555,0,0,0,0,0,0,0,NULL,NULL,1585,4851,9426,1455,420,1645,0,0,0,0,0,0,NULL,NULL,1533,3111,11673,805,615,1645,13261.5542,11103.23497,z,z,z,z,7,3,0,0,0,0,11537552.16,870,555161.7484,50,0,0,0,0,0,0,0,0,0.184789311,0.103861395,61591277.46,96.7,2.1,0.4,85.3,8.9,2.1,99.2,96.2
Kingston upon Hull City of,810,0.011032713,0.002865084,0.030906903,0.022860581,4729,855,30,370,9.1%,4.8%,315,510,0,255,185,0,0,5175,15700,3140,420,0,0.579545455,111,0,100,0,0,300,3450,5950,5900,0,300,1,1,0,0,100,0,0,300,0,74,3300,600,6850,3200,1350,300,0,60,380,0,0,0,0.136363636,59,4890,5285,12545,1400,0,315,35,0,405,0,0,0,0.079545455,63,5295,5920,10660,1370,1190,0,9125.511982,6798.668603,6383.796167,z,z,z,7,2,2,0,0,0,4498877.407,493,373926.7731,55,1787462.927,280,0,0,0,0,0,0,0.270029192,0.297638613,49322209.44,93.2,4.2,0.7,87.6,6.2,2.3,98.2,96.1
East Riding of Yorkshire,811,-0.007687045,-0.003461182,0.008574879,0.00410628,466,891,120,30,14.8%,25.5%,0,0,0,207,0,0,0,3481,19472,3688,210,0,1,1,0,123,0,0,0,2232,13692,5131,0,0,1,1,0,0,123,0,0,0,0,74,940,3446,12405,4264,0,0,0,16,144,47,0,0,0.077294686,64,1238,823,16148,4687,1763,2192,0,16,113,0,78,0,0.077294686,64,1577,676,16655,2928,2823,2192,10303.58869,5150.731481,z,z,z,z,11,1,0,0,0,0,4193560.598,407,154521.9444,30,0,0,0,0,0,0,0,0,0.037440289,-0.121778052,17296644.67,96.2,2.2,0.4,94.1,3.2,0.4,98.8,97.7
North East Lincolnshire,812,0.002343292,0.013181019,0.096805897,0.046314496,1456,0,90,30,9.9%,5.3%,45,0,0,0,0,0,0,1305,11158,2175,420,0,NULL,NULL,0,0,0,0,0,4087,3200,2904,0,0,NULL,NULL,0,0,0,0,0,0,NULL,NULL,750,4087,2300,2104,950,0,0,0,0,0,0,0,NULL,NULL,3405,1725,8339,329,120,1140,0,0,0,0,0,0,NULL,NULL,1540,2040,7593,1890,855,1140,z,z,z,z,z,z,0,0,0,0,0,0,0,0,0,0,0,0,0,0,0,0,0,0,0.128742268,0.342346209,16391675.26,94.6,3.0,0.5,90.3,7.0,1.1,98.1,98.5
North Lincolnshire,813,0.006176877,0.010537025,-0.004541134,0.017953321,933,24,110,120,10.2%,9.2%,45,30,0,0,0,0,0,2104,10961,1445,0,0,NULL,NULL,0,0,0,0,0,0,11027,870,0,96,NULL,NULL,0,0,0,0,0,0,NULL,NULL,1065,2720,4757,1885,870,696,0,0,0,0,0,0,NULL,NULL,602,1120,8625,2529,554,1080,0,0,0,0,0,0,NULL,NULL,813,420,7994,714,3489,1080,14504.81222,1403.924811,z,z,z,z,6,1,0,0,0,0,3379621.247,233,30886.34585,22,0,0,0,0,0,0,0,0,0.101723719,0.146404945,11310270.36,94.6,2.8,0.4,93.5,4.7,0.4,97.9,98.6
North Yorkshire,815,0.059721672,0.012191426,0.041753922,0.020780309,1385,0,270,320,15.9%,17.4%,1220,140,163,176,48,53,0,6109,34428,5874,1856,0,0.770454545,104,111,50,315,0,0,13005,20956,5283,1304,0,0.338235294,108,111,0,50,0,15,300,0.630681818,38,5996,12277,17244,2619,2112,300,70,58,228,40,0,44,0.323232323,40,1706,4175,25610,8000,4527,4249,103,26,247,0,20,44,0.325757576,36,2926,1351,32472,2228,4990,4300,22362.22723,z,25238.83912,z,z,z,26,0,1,0,0,0,34974523.39,1564,0,0,6057321.39,240,0,0,0,0,0,0,0.070004442,-0.033741424,66915138.38,93.4,3.6,0.5,88.8,5.2,1.3,97.5,95.3
York,816,0.011338033,0.009884439,0.036641725,0.010453345,2274,856,60,280,14.4%,5.4%,105,30,0,0,138,0,0,3416,10315,1440,0,0,0,118,145,140,0,0,0,6838,2355,0,0,0,1,1,98,0,187,0,0,0,0.343859649,57,2945,1094,5154,0,0,0,0,66,0,0,0,72,1,1,0,3089,9033,548,1350,1151,0,0,66,0,0,72,0,69,587,1616,8901,1273,1643,1151,12995.86938,25598.23793,10994.33633,136862.5214,z,z,1,1,1,1,0,0,870723.2484,67,383973.5689,15,659660.1798,60,8211751.283,60,0,0,0,0,0.120730609,0.109387476,47074213.59,96.0,3.1,0.2,91.6,5.0,1.1,99.2,97.6
Luton,821,0.055375165,0.012461606,0.067413295,0.013078035,5084,2432,10,120,7.2%,11.0%,0,625,0,0,0,0,0,2578,15000,7434,0,0,NULL,NULL,0,0,0,0,1200,2320,8195,5080,0,0,NULL,NULL,0,0,0,0,0,1200,NULL,NULL,2170,4300,4045,2830,2250,0,0,0,0,0,0,0,NULL,NULL,2940,4860,7530,3330,2064,4288,0,0,0,0,0,0,NULL,NULL,1470,3660,9780,2964,2850,4288,9279.981523,z,z,13218.21224,z,z,3,0,0,2,0,0,5011190.022,540,0,0,0,0,5908540.871,447,0,0,0,0,0.248186556,0.448142788,85453090.42,93.5,4.4,1.1,79.0,9.5,5.1,99.0,93.6
Bedford Borough,822,0.01387298,0.024627721,-0.000817494,0.029940732,8353,0,160,800,13.2%,15.8%,1140,0,0,328,150,0,0,2607,10641,3430,0,840,0.686192469,108,0,0,0,0,0,1232,11885,500,0,600,NULL,NULL,0,0,0,0,0,0,NULL,NULL,500,3495,3497,1243,1080,4402,0,0,0,388,0,90,0,68,0,840,6015,4060,4868,1735,0,0,238,0,150,90,0,69,0,0,9088,3180,3515,1735,11278.52367,z,z,13652.93865,z,z,23,0,0,1,0,0,23053302.39,2044,0,0,0,0,1228764.479,90,0,0,0,0,0.360235427,0.272191287,53898320.19,94.4,4.3,0.7,85.9,9.1,2.0,99.4,97.0
Central Bedfordshire,823,0.05846278,0.020294533,0.073650214,0.012286737,5825,610,230,610,9.3%,10.3%,720,300,260,480,0,0,0,5515,19253,2370,300,0,1,1,0,240,0,0,0,649,13637,3280,750,0,1,1,0,0,0,50,0,190,0,74,0,0,2341,1200,1340,13435,0,0,160,0,0,580,0,68,0,1018,3575,2395,263,20187,0,0,160,0,0,580,0,69,0,1348,3862,1311,730,20187,19667.57898,21635.88194,z,27256.66988,z,z,11,1,0,6,0,0,35696655.85,1815,3029023.472,140,0,0,36251370.94,1330,0,0,0,0,0.351626221,0.201199249,92628771.26,94.9,3.1,0.7,96.7,2.3,0.0,98.7,99.0
Buckinghamshire,825,0.008926543,-0.002589379,0.017745755,-0.001467694,4095,5683,240,830,7.8%,10.3%,363,1337,0,433,28,0,0,9251,33537,2115,630,420,0.939262473,89,105,357,0,0,0,15801,17183,4287,1771,0,1,1,135,116,178,33,0,0,0.543290043,45,14381,7613,10262,3265,2921,600,0,0,236,32,0,193,0,68,2422,3917,23817,5805,3384,6608,0,90,178,0,0,193,0.335820896,33,4886,4352,25029,2708,2370,6608,19765.94834,24644.89237,z,27963.97985,14585.80644,z,6,15,0,4,3,0,17255672.9,873,12199221.72,495,0,0,14960729.22,535,1239793.548,85,0,0,0.15418939,0.170275554,109090131.7,90.4,5.9,1.4,74.7,11.2,5.5,97.7,91.5
Milton Keynes,826,0.056067761,0.040963946,0.026397116,0.015709503,6953,4239,110,0,14.2%,10.8%,855,1990,147,15,0,0,330,7352,18254,2040,1815,630,1,1,0,0,0,0,750,0,15368,4275,0,0,NULL,NULL,0,0,0,0,0,750,NULL,NULL,0,5800,8118,2725,3000,0,0,0,0,15,0,477,0,68,2730,5464,11351,3880,1680,4986,0,0,0,0,15,477,0,69,2710,3561,14199,2850,1785,4986,15695.23109,z,13610.78942,20565.37271,z,18173.02601,8,0,4,3,0,1,17594354.05,1121,0,0,33033385.92,2427,20318588.24,988,0,0,29076841.62,1600,0.324874071,0.441802253,170297698.3,91.7,5.0,1.6,76.2,10.3,4.5,98.3,91.1
Derbyshire,830,-0.00621753,0.002044579,-0.001234373,0.002468747,2911,0,690,150,12.3%,11.6%,1477,0,30,218,0,0,0,5936,44261,9038,887,0,1,1,0,282,0,0,0,4597,22850,13043,5057,0,1,1,0,0,0,16,0,266,0,74,2203,3849,16083,14385,8043,984,0,40,178,0,0,30,0.183486239,55,1326,4870,27552,8022,5611,12741,0,0,218,0,0,30,0,69,3040,1398,30495,4958,7490,12741,13355.9809,z,z,z,z,z,20,0,0,0,0,0,10991972.28,823,0,0,0,0,0,0,0,0,0,0,0.078218618,-0.064366151,50259585.91,95.4,3.1,0.6,83.2,6.4,1.5,99.1,91.1
Derby,831,0.009472089,0.002020712,0.055805218,0.018311087,3206,3179,60,0,8.3%,10.3%,315,870,0,32,0,0,0,2733,15862,2482,520,0,1,1,0,201,90,0,1260,2887,5223,3507,5070,0,0.690721649,98,0,0,0,291,0,1260,0,74,1125,4636,3034,3372,3920,600,0,0,0,0,0,32,NULL,NULL,1400,2802,7021,1500,1500,7374,0,0,0,0,0,32,NULL,NULL,1351,1130,8462,630,2650,7374,11916.45146,8631.160514,z,z,z,z,3,1,0,0,0,0,2895697.706,243,86311.60514,10,0,0,0,0,0,0,0,0,0.217612063,0.213016453,56315597.08,88.7,5.7,1.8,81.5,9.5,3.2,96.2,94.3
Durham,840,-0.017170891,0.02739166,0.020780153,-0.012523931,2907,0,180,160,14.8%,17.4%,193,60,245,212,0,0,0,6891,32129,5163,630,0,1,1,0,27,0,0,0,7251,15772,8023,2103,0,1,1,0,0,27,0,0,0,0,74,975,8807,10637,7417,4713,600,128,0,300,0,29,0,0.280087527,42,4893,3470,28206,2782,2966,2496,56,0,372,29,0,0,0.122538293,58,3913,3868,28088,1738,4710,2496,15711.44381,z,z,z,z,z,17,0,0,0,0,0,14046030.77,894,0,0,0,0,0,0,0,0,0,0,0.099407523,0.036193681,21179499.39,95.4,3.5,0.4,94.0,3.7,0.8,99.3,98.5
Darlington,841,0.014226504,0.006273104,0.063411326,0.032722957,870,784,0,0,12.2%,7.4%,0,0,0,0,0,0,0,1495,5830,2046,0,0,NULL,NULL,0,0,0,0,0,1835,0,3346,0,0,NULL,NULL,0,0,0,0,0,0,NULL,NULL,0,1200,2446,1535,0,0,0,0,0,0,0,0,NULL,NULL,1630,1650,4375,840,0,876,0,0,0,0,0,0,NULL,NULL,1225,640,5160,840,630,876,18037.2205,z,z,z,z,z,2,0,0,0,0,0,4058374.614,225,0,0,0,0,0,0,0,0,0,0,0.056404522,0.192601292,13343101.99,95.9,3.0,0.6,83.6,7.6,2.8,99.5,94.0
East Sussex,845,0.038926418,0.000155292,0.043034132,0.007302265,2538,2004,140,120,9.1%,10.8%,626,0,0,55,0,0,0,3595,33598,2000,420,0,1,1,0,340,0,0,0,2400,24895,2295,1350,0,1,1,300,0,0,40,0,0,0.882352941,29,1500,6010,14245,4490,3345,1350,0,0,30,0,25,0,0,68,434,3830,16266,7121,7680,4282,0,30,25,0,0,0,0.545454545,20,835,3600,22661,3840,4395,4282,18503.63657,9913.787186,21876.94361,z,z,z,11,16,3,0,0,0,11990356.5,648,5056031.465,510,19557987.59,894,0,0,0,0,0,0,0.113288998,0.014407107,91141945.68,88.9,6.4,1.6,88.6,5.9,1.0,97.0,95.4
Brighton and Hove,846,0.03768412,0.010859047,0.026058062,0.014952781,3121,2151,0,40,15.2%,12.3%,0,240,0,0,0,0,0,2728,15977,2100,607,0,NULL,NULL,0,117,0,0,0,0,14656,0,0,0,1,1,0,40,77,0,0,0,0.341880342,58,0,3000,8632,1661,1363,0,0,0,0,0,0,0,NULL,NULL,840,1260,13662,2574,1290,1786,0,0,0,0,0,0,NULL,NULL,949,5571,11187,1709,210,1786,15812.399,4238.928111,z,z,z,z,2,5,0,0,0,0,5218091.671,330,635839.2167,150,0,0,0,0,0,0,0,0,0.092495637,0.075939389,62215954,84.9,7.0,1.6,82.3,9.8,3.7,93.5,95.8
Hampshire,850,0.031244407,0.007497904,0.004731742,-0.006470241,11137,1154,1440,1310,8.4%,10.8%,2240,150,216,1614,0,0,0,28158,75288,8064,569,0,1,1,30,165,0,0,0,12575,58087,5298,0,0,1,1,0,0,195,0,0,0,0,74,1450,17982,27283,17094,12151,0,0,328,1136,30,120,216,0.203221809,51,2010,9750,48455,14642,11943,25279,212,46,743,541,72,216,0.159851301,51,4229,9402,51481,11297,10391,25279,18285.25048,4151.725765,30860.78504,47022.70573,24091.65339,z,25,33,1,2,1,0,38545308.01,2108,4753726,1145,6480764.858,210,16222833.48,345,722749.6017,30,0,0,0.155927945,0.021145567,272060853.7,92.2,5.0,1.2,92.4,4.7,1.0,98.5,98.1
Portsmouth,851,0.024050321,0.024913666,0.029849065,0.019261095,1502,930,110,90,6.5%,11.5%,105,810,0,15,0,0,0,750,14260,1980,315,0,1,1,0,115,0,0,150,1040,8065,1000,0,450,1,1,0,0,75,0,40,150,0,74,0,1040,2000,3135,3930,450,0,0,0,0,0,15,NULL,NULL,315,840,5345,2715,3390,4700,0,0,0,0,0,15,NULL,NULL,420,735,4295,4455,2700,4700,17169.46316,6326.702556,z,5584.965063,z,z,4,2,0,1,0,0,4721602.369,275,379602.1534,60,0,0,530571.681,95,0,0,0,0,0.222943239,0.158913841,38790371.26,86.6,8.7,2.0,87.7,8.2,1.2,97.4,97.1
Southampton,852,0.01980542,0.004864489,0.03501506,-0.003200301,5367,496,0,780,12.0%,7.7%,0,84,0,0,120,0,0,4269,13354,3581,90,420,0,118,121,120,0,0,0,1079,8284,2114,0,0,1,1,241,0,0,0,0,0,1,1,1829,1938,2746,2003,2961,0,0,0,120,0,0,0,0,68,3885,2235,8710,3308,723,2853,0,0,120,0,0,0,0,69,2055,2070,10002,3591,1143,2853,10421.746,11288.91957,z,z,z,z,3,6,0,0,0,0,2501219.041,240,2032005.522,180,0,0,0,0,0,0,0,0,0.262132822,0.44531159,65358574.58,86.7,8.0,2.4,78.6,8.3,3.6,97.1,90.4
Leicestershire,855,0.031253445,0.005273215,0.041799514,0.010348554,6633,0,1190,1490,7.5%,8.6%,2372,0,92,738,189,0,0,8805,41778,5970,954,210,0.814524043,100,65,50,0,0,0,8613,28541,8124,2745,0,1,1,65,50,0,0,0,0,1,1,6116,3850,11830,12390,5627,8210,0,0,527,210,198,84,0,68,4779,8352,34435,3914,3175,3062,0,0,555,240,140,84,0,69,4615,4185,36960,4627,4268,3062,12176.52613,1213.046216,23312.82153,5263.762066,3882.963533,z,41,1,1,4,3,0,33290622.44,2734,18195.69324,15,4895692.521,210,1784415.341,339,543614.8947,140,0,0,0.213164976,0.129221491,139225778.3,90.4,5.2,1.6,89.7,5.1,1.4,97.2,96.3
Leicester,856,0.008916058,0.005427166,0.057745093,0.008700606,7073,2021,360,720,3.2%,5.3%,88,1362,0,133,0,0,420,4940,25225,3950,420,0,1,1,110,353,191,0,900,5745,8322,1715,600,0,0.70795107,96,77,40,537,0,0,900,0.178899083,67,2045,3275,8227,1035,600,1200,60,30,16,0,0,447,0.849056604,15,7479,6880,14644,1294,420,3818,0,16,90,0,0,447,0.150943396,52,4186,4900,17009,1832,2790,3818,16827.88156,4745.408295,15430.3073,z,8562.449028,z,5,22,1,0,7,0,15397511.63,915,5442983.315,1147,3240364.533,210,0,0,13622856.4,1591,0,0,0.36021548,0.326254009,166735397.4,90.5,5.1,1.2,78.1,10.8,2.7,96.7,91.7
Rutland,857,0.073196986,0.03444564,0.055191046,0.012736395,209,114,0,40,14.4%,2.9%,0,0,0,0,0,0,0,511,2565,360,0,0,NULL,NULL,150,0,0,0,0,900,1815,0,0,0,1,1,150,0,0,0,0,0,1,1,1800,0,915,0,0,0,0,0,0,0,0,0,NULL,NULL,0,0,2341,450,70,575,0,0,0,0,0,0,NULL,NULL,0,315,2546,0,0,575,8133.474243,z,z,z,z,z,2,0,0,0,0,0,732012.6819,90,0,0,0,0,0,0,0,0,0,0,0.183903421,0.188893563,5972824.26,95.0,4.4,0.0,90.7,4.4,0.3,99.4,95.3
Staffordshire,860,0.016318274,-0.002382558,0.044111281,0.013169587,6974,4480,280,230,12.3%,15.9%,2135,1010,112,233,131,0,420,8410,53952,7326,520,0,0.724789916,107,0,568,52,0,1550,3052,40063,14150,1590,0,0.916129032,80,0,0,0,497,0,1673,0,74,2847,3926,16346,16383,5316,14037,49,15,227,36,0,569,0.195718654,53,3539,4623,35852,7075,4564,14555,49,15,227,36,0,569,0.195718654,46,1980,5547,36676,5531,5919,14555,14412.42247,2670.992787,21060.376,7734.309606,z,z,17,2,1,4,0,0,22584266.02,1567,120194.6754,45,9392927.696,446,3325753.13,430,0,0,0,0,0.120430896,0.010252083,108499598.2,94.8,3.6,0.6,89.7,6.2,1.1,98.9,97.0
Stoke-on-Trent,861,-0.016473036,-0.002601006,0.001397516,0.00318323,4178,0,0,20,7.3%,5.1%,105,556,60,30,0,0,0,3855,15463,3799,0,0,1,1,115,0,0,0,0,1060,10235,3150,0,0,1,1,0,115,0,0,0,0,1,1,0,2110,2850,7235,2100,150,0,60,30,0,0,0,0.666666667,19,840,1620,11738,3463,2580,2876,0,60,30,0,0,0,0.666666667,15,1470,1176,9496,4169,3930,2876,8692.986693,5111.3079,z,z,z,z,3,5,0,0,0,0,2868685.609,330,1073374.659,210,0,0,0,0,0,0,0,0,0.207889355,0.14005514,32707478.99,94.7,3.4,0.2,82.2,8.2,2.1,98.3,92.5
Wiltshire,865,0.072869311,0.037649579,0.07102766,0.03173834,5451,2816,50,270,14.4%,15.5%,1360,644,46,360,0,15,315,5975,29526,7337,1745,0,0.964370546,87,0,346,0,0,0,7878,19956,7245,600,0,1,1,0,0,346,0,0,0,0,74,3056,7778,18401,3959,1885,600,15,0,46,60,300,315,0.035629454,67,1099,2574,25940,6222,5216,3532,15,0,406,0,0,315,0.035629454,68,1804,2160,29784,3263,4040,3532,19558.27498,6906.108814,21324.75901,19301.5038,z,z,17,1,1,3,0,0,32740552.31,1674,621549.7932,90,4478199.392,210,7334571.443,380,0,0,0,0,0.200779037,0.11211878,68201550.69,93.1,4.4,0.9,93.1,3.9,0.9,98.4,98.0
Swindon,866,-0.001739046,-0.004782378,0.014571454,0.00443479,3863,2895,0,130,8.5%,18.9%,540,570,0,20,0,0,0,3140,14861,3222,574,0,1,1,0,0,0,0,750,0,7864,5090,600,0,NULL,NULL,0,0,0,0,0,750,NULL,NULL,0,2649,8117,2188,0,600,0,0,20,0,0,0,0,68,371,2827,10885,3460,2028,2226,0,0,20,0,0,0,0,69,371,1470,15251,1290,1189,2226,5371.172038,12901.3446,z,102003.6822,z,z,1,1,0,1,0,0,161135.1611,30,387040.338,30,0,0,2550092.054,25,0,0,0,0,0.319285126,0.17219917,26046095.06,95.1,3.8,0.6,91.2,6.8,0.9,99.5,99.0
Bracknell Forest,867,0.127734651,0.020163323,0.076822917,0.008789063,1681,2166,0,0,11.8%,22.5%,0,120,0,0,61,0,0,1049,5732,3359,0,0,0,118,30,0,0,0,1365,2480,5785,0,0,0,1,1,0,30,0,0,0,1365,1,1,1010,1470,2451,1972,1362,0,0,0,61,0,0,0,0,68,209,870,6661,1710,210,480,0,0,61,0,0,0,0,69,629,240,8161,630,0,480,22991.65074,28132.8573,z,29153.90682,z,z,5,2,0,1,0,0,16278088.73,708,1125314.292,40,0,0,10262175.2,352,0,0,0,0,0.172285095,0.227404194,51466907.52,92.5,5.2,1.1,82.3,8.0,5.2,98.9,95.5
Windsor and Maidenhead,868,-0.001053833,-0.002898042,0.013199246,0.002514142,2440,2016,10,0,11.3%,13.9%,201,420,0,15,95,0,0,3869,7179,1276,0,0,0.136363636,117,124,229,96,0,0,4222,6648,585,0,0,0.786191537,92,0,124,94,135,0,96,0.351274788,55,1181,1642,3454,2238,0,2940,0,0,15,0,0,95,0,68,1614,1270,3204,1200,159,4877,0,0,15,0,0,95,0,69,1260,975,4432,780,0,4877,9159.199388,8132.013489,z,17308.77371,z,z,2,2,0,1,0,0,549551.9633,60,658693.0926,81,0,0,2077052.846,120,0,0,0,0,0.262915025,0.166019166,31563843.24,83.6,8.0,2.9,76.5,12.2,3.4,94.4,92.1
West Berkshire,869,0.053280228,0.013376418,0.024892704,0.009120172,1458,298,50,130,12.3%,9.5%,240,295,15,0,0,0,0,1255,11977,1043,0,0,1,1,0,0,0,0,0,3039,8636,0,0,0,NULL,NULL,0,0,0,0,0,0,NULL,NULL,0,2847,7691,1137,0,0,0,0,0,15,0,0,0,68,730,1390,7177,2429,971,1578,0,0,15,0,0,0,0,69,1346,1905,8521,659,266,1578,21159.38014,4500.187493,z,z,z,z,4,5,0,0,0,0,5924626.44,280,585024.3741,130,0,0,0,0,0,0,0,0,0.089488278,0.038955741,32047920.15,94.4,3.8,0.9,89.8,5.3,1.5,99.1,96.6
Reading,870,0.06776365,0.016679132,0.011086821,0.001561524,4065,2996,0,70,14.9%,15.3%,120,715,0,0,0,0,0,2090,11113,1395,396,0,NULL,NULL,0,0,150,0,0,2247,4438,2650,0,0,0,111,0,0,0,0,150,0,0,74,1647,0,2362,0,2650,2676,0,0,0,0,0,0,NULL,NULL,870,240,9369,2995,420,1100,0,0,0,0,0,0,NULL,NULL,450,870,9919,1545,1110,1100,23312.82811,z,19490.02581,z,z,z,6,0,2,0,0,0,27555762.82,1182,0,0,8185810.84,420,0,0,0,0,0,0,0.330783169,0.866712867,62103202.44,88.0,6.7,2.7,64.4,14.1,5.8,97.3,84.3
Slough,871,0.015359886,-0.004881824,0.008921792,-0.008542141,5672,6557,0,0,8.5%,7.3%,0,0,44,60,0,0,0,3841,13006,630,0,840,1,1,335,409,0,0,0,8129,4143,905,1140,1100,1,1,0,335,0,0,409,0,0.450268817,50,5929,3054,2260,905,1029,2240,44,0,60,0,0,0,0.423076923,29,3928,5918,3880,2506,0,2085,0,44,60,0,0,0,0.423076923,26,450,5008,6790,3346,638,2085,21262.18801,4518.305463,z,z,z,z,5,5,0,0,0,0,14968580.36,704,1626589.967,360,0,0,0,0,0,0,0,0,0.445523942,0.695448276,82225167.24,92.0,5.7,1.3,62.8,13.7,6.3,98.9,82.8
Wokingham,872,0.048214168,0.003551931,-0.049187625,-0.001669263,2928,2620,230,70,9.4%,5.3%,810,0,0,233,180,0,0,2770,10722,1560,420,0,0.564164649,113,106,0,0,0,0,1209,10163,1210,0,0,1,1,106,0,0,0,0,0,1,1,4335,1175,4102,1770,0,1200,0,0,365,0,48,0,0,68,840,1428,9065,1040,372,2727,0,0,365,0,48,0,0,69,1155,1691,8837,690,372,2727,14658.0455,19645.74261,24838.65993,z,z,31954.16057,4,2,1,0,0,1,6156379.112,420,884058.4174,45,11078042.33,446,0,0,0,0,38344992.69,1200,0.331790643,0.210277614,58885759.64,88.7,7.8,1.4,79.9,10.3,3.6,97.9,93.8
Cambridgeshire,873,0.066043884,0.017834219,0.038889453,0.013256231,13455,3822,170,940,18.6%,13.9%,2910,1500,270,606,111,120,240,4924,41897,7413,989,1050,0.791327913,103,390,0,0,0,0,8570,26665,1949,0,750,1,1,240,150,0,0,0,0,1,1,8072,6793,17201,4448,0,1420,270,0,507,240,0,330,0.265486726,44,4931,4048,28785,7207,3776,7526,270,0,447,150,150,330,0.265486726,40,4897,4835,31612,3800,3963,7166,23945.08686,z,24387.36887,27404.8404,z,51972.94482,19,0,4,2,0,1,70973237.46,2964,0,0,55017904.17,2256,8221452.119,300,0,0,31183766.89,600,0.224226924,0.126929789,165282562.6,92.8,4.3,1.0,89.5,5.3,1.5,98.0,96.3
Peterborough,874,0.016555986,0.006917543,0.047169811,0.005345912,5239,5730,440,0,6.4%,10.1%,150,0,0,345,0,0,0,1740,15035,1950,0,0,1,1,0,780,0,0,300,2810,11199,1600,0,1200,1,1,30,0,450,300,0,300,0.038461538,73,1875,0,7773,5461,0,1700,0,0,315,0,0,30,0,68,1470,2310,8120,2940,1470,2415,0,0,315,0,0,30,0,69,1470,210,9920,2250,2460,2415,18101.73789,1661.287923,z,z,z,z,5,3,0,0,0,0,14626204.22,808,149515.913,90,0,0,0,0,0,0,0,0,0.434972397,0.687022029,62670289.3,90.4,5.7,1.1,84.1,10.5,2.4,97.2,97.0
Halton,876,0.015097856,0.00027959,0.004071661,0.014386536,466,2724,0,0,11.6%,13.0%,10,0,70,90,0,0,0,2173,6708,1890,700,0,1,1,50,38,43,0,0,2476,3018,2584,900,0,0.671755725,99,0,50,38,0,43,0,0.381679389,52,976,1500,5018,0,1484,0,0,0,90,70,0,0,0,68,787,1050,6601,1680,1120,233,0,0,90,0,70,0,0,69,752,1225,7056,945,1260,233,z,z,z,z,z,z,0,0,0,0,0,0,0,0,0,0,0,0,0,0,0,0,0,0,0.100888063,0.105709126,6475502.82,90.4,6.1,1.0,84.2,7.4,1.3,97.6,92.9
Warrington,877,0.061314685,0.006097902,0.043656779,0.00100553,673,0,110,0,9.4%,11.4%,525,639,0,0,15,0,0,4639,13902,613,0,0,0,118,0,211,163,0,0,2362,8690,2178,0,0,0.564171123,105,46,0,328,0,0,0,0.122994652,70,2703,1936,7146,825,0,620,0,0,15,0,0,0,0,68,2820,2898,11907,612,205,712,0,0,15,0,0,0,0,69,1783,2163,14053,205,238,712,16450.23432,1333.811116,z,z,z,z,4,1,0,0,0,0,8636373.019,525,40014.33349,30,0,0,0,0,0,0,0,0,0.10785948,0.067933884,32212231.13,90.7,5.0,1.9,87.4,7.5,1.5,97.6,96.4
Devon,878,0.04213011,0.022513501,0.089312193,0.039580244,8988,6038,880,780,11.9%,14.8%,517,290,0,498,25,0,420,11358,42326,7828,991,420,0.952198853,88,0,50,0,0,0,8605,22002,14673,1825,0,1,1,0,0,50,0,0,0,0,74,2025,3003,18636,18256,1610,3575,235,0,119,229,125,235,0.331920904,38,3012,3107,30357,10591,8730,7126,60,0,593,0,55,235,0.084745763,62,4923,5281,35889,2985,6719,7126,14070.54983,6285.895565,13585.31336,16489.57261,z,20883.71,23,2,2,3,0,1,19079665.57,1356,282865.3004,45,7050777.636,519,1813852.987,110,0,0,20027477.89,959,0.166298587,0.043737417,94608028.48,96.5,2.3,0.3,93.5,3.6,0.4,99.1,97.5
Plymouth,879,0.003234527,0.007627691,0.00942626,0.013360053,4354,2236,40,0,16.7%,18.2%,240,290,0,211,53,0,0,3619,14581,3561,630,0,0.799242424,102,30,0,0,0,0,1160,9462,5159,4521,375,1,1,0,0,30,0,0,0,0,74,840,0,12118,2830,3864,1025,0,0,211,0,32,21,0,68,4032,4867,9455,1785,1274,978,0,0,211,32,0,21,0,69,2352,2835,13680,858,1688,978,12253.42667,z,12798.01749,z,z,z,5,0,1,0,0,0,6543329.84,534,0,0,8408297.492,657,0,0,0,0,0,0,0.127036014,0.011522009,30115363.39,94.2,3.6,0.8,88.8,7.1,2.0,98.7,97.8
Torbay,880,0.03596834,0.004608757,0.052123027,-0.003402286,752,0,180,70,6.3%,6.1%,60,170,0,0,0,0,0,1365,7385,1680,0,0,NULL,NULL,0,200,0,0,0,3010,6456,0,0,0,1,1,0,200,0,0,0,0,1,1,900,3310,1300,2850,1106,0,0,0,0,0,0,0,NULL,NULL,2275,1680,4375,1890,210,0,0,0,0,0,0,0,NULL,NULL,1785,1680,6020,735,210,0,16431.96183,z,z,z,z,z,1,0,0,0,0,0,3450711.984,210,0,0,0,0,0,0,0,0,0,0,0.139669892,0.107373335,25894926.67,92.5,4.6,1.2,84.1,10.2,1.7,98.3,95.9
Essex,881,0.02468369,0.005581696,0.031516027,0.014214398,12363,3336,1220,360,8.2%,8.6%,2885,4390,354,1119,120,0,840,19723,87687,7785,1225,420,0.924670433,91,373,483,0,200,0,17488,62910,6680,5090,0,0.810606061,91,191,78,504,283,0,0,0.254734848,64,6669,11756,31371,24616,10616,7140,332,0,804,285,112,900,0.216568819,50,8324,14358,58802,12336,10319,12701,89,267,675,390,112,900,0.232224397,43,7339,9320,68025,11183,8272,12701,14432.56034,6477.961883,20083.0236,17825.53754,5321.804648,z,36,23,2,4,2,0,58524032.19,4055,4664132.556,720,16869739.82,840,10606194.83,595,319308.2789,60,0,0,0.190836614,0.154456595,284669714.8,89.4,6.2,1.9,82.5,8.4,2.7,97.5,93.5
Southend-on-Sea,882,-0.002575788,-0.000858596,0.02663349,0.016864805,2651,1180,10,40,8.6%,2.2%,0,240,0,0,0,0,0,1176,14054,630,0,0,NULL,NULL,183,60,0,0,0,5852,5165,1156,0,0,1,1,153,30,60,0,0,0,0.75308642,35,6837,970,1440,1770,1156,0,0,0,0,0,0,0,NULL,NULL,1110,4814,4116,3780,720,1320,0,0,0,0,0,0,NULL,NULL,210,4694,7476,1440,720,1320,17861.12047,7463.015581,z,z,z,z,5,3,0,0,0,0,12860006.74,720,2238904.674,300,0,0,0,0,0,0,0,0,0.168497019,0.116075584,39765667.66,88.6,7.4,1.5,78.6,9.6,4.2,97.4,92.3
Thurrock,883,0.022460081,0.004737673,0.040765649,0.016761511,4331,3461,240,150,4.7%,8.8%,420,764,0,30,0,0,0,2580,14438,420,630,0,1,1,0,149,0,30,0,1330,4825,3710,1230,900,0.832402235,88,0,0,149,30,0,0,0,74,1950,0,4005,3380,1760,900,0,0,30,0,0,0,0,68,3750,2640,6105,2580,630,2363,0,0,30,0,0,0,0,69,1380,2190,8085,2790,1260,2363,13506.28633,2856.402649,z,z,z,z,3,5,0,0,0,0,5267451.67,390,685536.6358,240,0,0,0,0,0,0,0,0,0.409066503,0.509188464,55445082.68,87.6,6.6,1.7,71.2,11.0,5.8,95.8,88.0
Herefordshire,884,0.005200981,0.009510365,0.02385028,0.015177451,0,0,130,220,11.3%,13.2%,240,0,30,19,0,0,0,3079,11110,210,270,0,1,1,21,59,0,0,0,1202,6287,1808,1120,0,1,1,0,21,59,0,0,0,0.2625,63,130,1202,4846,1686,2553,0,30,0,19,0,0,0,0.612244898,23,3682,540,8369,690,679,709,49,0,0,0,0,0,1,1,4362,807,8266,0,525,709,10143.89555,4328.644805,z,z,z,z,3,1,0,0,0,0,994101.7636,98,129859.3442,30,0,0,0,0,0,0,0,0,0.115775446,0.043057176,14755303.99,96.1,2.5,0.5,91.7,5.2,0.4,99.1,97.3
Worcestershire,885,0.024809897,0.006900465,0.042325646,0.020274507,4533,3150,520,260,9.1%,13.7%,1245,760,266,272,0,0,0,7113,33720,3608,1515,0,1,1,252,320,370,0,0,8466,22277,6296,1349,0,0.607218684,104,144,252,126,130,0,290,0.607361963,40,1356,5350,12307,5089,0,14286,0,0,301,63,35,139,0,68,2170,1611,16296,3538,1994,20347,0,210,154,35,0,139,0.526315789,22,1608,3433,16299,2170,2099,20347,16047.25016,5526.152713,z,17383.93413,z,z,7,1,0,2,0,0,11714492.62,730,165784.5814,30,0,0,5215180.239,300,0,0,0,0,0.16238297,0.070933551,74025212.06,92.6,4.8,0.8,88.0,5.0,1.2,98.3,94.1
Kent,886,0.004320665,0.006215415,0.010677494,0.020918677,18818,10104,1220,1050,9.8%,9.2%,2979,3885,90,687,0,0,210,24893,98887,6715,1695,420,1,1,250,303,0,0,1260,31942,62223,11354,2199,0,1,1,69,155,209,0,0,1380,0.517321016,47,17402,11978,32412,24963,19163,1800,0,0,442,0,35,510,0,68,7654,11886,74747,16368,11906,10049,0,48,199,0,230,510,0.100628931,61,11171,10313,80868,10502,9707,10049,17591.98886,4944.43771,29773.99852,37751.09622,z,z,45,13,8,7,0,0,102244639.3,5812,2185441.468,442,50020317.52,1680,52096512.79,1380,0,0,0,0,0.203793576,0.2334029,351801194.8,89.4,6.1,1.9,79.1,11.2,3.8,97.4,94.1
Medway,887,0.039174166,0.00513092,0.004310614,0.001624289,2705,1545,140,0,5.3%,13.0%,0,600,0,620,0,0,0,2560,18128,2790,1700,0,1,1,186,0,0,0,0,4861,16150,949,600,0,1,1,0,186,0,0,0,0,1,1,3568,5006,8620,3405,1361,600,0,0,540,0,0,80,0,68,2729,1660,10061,3604,3379,3745,0,0,330,0,210,80,0,69,2310,3024,9451,1969,4679,3745,18951.9946,9723.624432,z,z,z,z,4,1,0,0,0,0,8964293.446,473,291708.733,30,0,0,0,0,0,0,0,0,0.229828851,0.143037135,45512888.16,89.0,6.8,1.7,76.3,12.7,2.9,97.6,91.9
Lancashire,888,0.019699917,0.010124983,0.022858126,0.016365229,4918,0,1520,250,7.4%,8.3%,140,150,136,226,0,0,0,20235,76218,8230,210,0,1,1,0,311,17,0,0,17562,38216,13694,4089,0,0.948170732,78,0,0,309,19,0,0,0,74,3102,14852,31862,14257,9488,0,0,35,182,77,35,33,0.106382979,62,8950,10265,66767,9065,6968,2878,0,40,269,0,20,33,0.121580547,59,3755,9340,72807,6916,9197,2878,22790.19729,9167.785878,z,19025.52249,z,z,10,8,0,2,0,0,21605107.03,948,2475302.187,270,0,0,5707656.746,300,0,0,0,0,0.14673494,0.087649339,152553217,90.4,5.6,1.8,83.7,8.7,2.9,97.9,95.3
Blackburn with Darwen,889,-0.017498211,-0.009367072,-0.010364258,-0.006641175,1957,2451,140,0,10.4%,7.4%,0,0,40,198,115,0,0,2480,11190,2310,0,0,0.674220963,109,0,50,0,0,0,2950,6540,3025,0,0,1,1,0,0,50,0,0,0,0,74,3230,0,5285,3700,0,300,58,63,169,0,46,17,0.360119048,36,2146,2222,9641,420,524,1027,40,18,232,46,0,17,0.172619048,50,1495,2782,8892,1154,630,1027,z,z,z,z,z,z,0,0,0,0,0,0,0,0,0,0,0,0,0,0,0,0,0,0,0.101782466,0.302742362,19797556.99,89.9,6.8,1.2,79.6,12.7,3.1,97.9,95.4
Blackpool,890,-0.000679521,-0.006455449,0.092197426,-0.007981756,1043,315,0,10,8.8%,17.5%,0,0,0,0,0,0,420,1050,10741,880,0,0,NULL,NULL,0,175,0,0,800,0,3655,2352,1200,0,1,1,0,0,0,60,115,800,0,74,0,0,1950,1220,4037,0,0,0,0,0,0,420,NULL,NULL,3570,1718,5297,892,144,1050,0,0,0,0,0,420,NULL,NULL,2730,1290,5881,1720,0,1050,z,z,z,z,z,z,0,0,0,0,0,0,0,0,0,0,0,0,0,0,0,0,0,0,0.09284189,-0.16525641,23671643.19,92.7,4.9,0.8,80.6,11.8,2.0,98.4,94.5
Nottinghamshire,891,-0.005649549,0.027081963,0.014346032,0.038240092,9624,1848,650,890,9.0%,13.7%,1662,300,215,1421,85,49,0,9883,48306,8636,441,0,0.924293785,92,1446,2066,197,186,270,14023,33071,4122,1615,600,0.901668806,81,961,1012,1107,411,243,431,0.528387788,46,6072,13418,18676,6071,5442,3752,215,155,1092,42,199,67,0.217263652,49,7941,7037,35927,4776,5057,6528,431,42,828,185,217,67,0.277745156,39,5983,5290,36653,6900,5829,6611,11337.07065,z,z,16907.44439,z,z,34,0,0,2,0,0,28093261.06,2478,0,0,0,0,1420225.329,84,0,0,0,0,0.209130687,0.077109883,102343680.5,94.1,3.8,0.8,92.2,4.5,0.8,98.6,97.5
Nottingham,892,-0.002881737,0.014820359,0.009478022,0.014010989,4971,2624,10,160,9.5%,8.2%,210,568,0,405,0,0,0,3885,21483,1260,420,420,1,1,0,387,0,0,0,1800,11260,750,0,0,1,1,230,157,0,0,0,0,1,1,790,6970,0,4350,900,800,210,0,195,0,0,0,0.518518519,25,7105,6262,10321,2310,1050,420,0,210,45,150,0,0,0.518518519,23,4165,6727,12106,1740,2310,420,13939.98796,1557.520873,z,z,z,z,9,4,0,0,0,0,25579877.92,1835,233628.1309,150,0,0,0,0,0,0,0,0,0.333785141,0.807349543,59129957.47,89.6,5.7,1.2,75.8,10.0,4.7,96.5,90.5
Shropshire,893,0.010987443,-0.000856164,0.0158698,0.011480281,0,0,40,250,10.2%,11.5%,873,150,0,98,0,0,0,2649,17963,1800,210,0,1,1,0,0,0,0,0,1680,13695,1656,1185,0,NULL,NULL,0,0,0,0,0,0,NULL,NULL,771,3829,6196,2370,1185,3865,0,0,56,0,42,0,0,68,581,2029,13276,1455,3196,2085,0,56,0,0,42,0,0.571428571,19,1169,2359,12684,1179,3146,2085,19884.41112,z,z,z,z,z,2,0,0,0,0,0,1193064.667,60,0,0,0,0,0,0,0,0,0,0,0.106485717,-0.023321245,19171734.8,94.2,3.2,0.7,90.3,5.3,1.1,98.1,96.6
Telford and Wrekin,894,0.027393864,0.014874496,0.035642426,0.031426655,2063,1174,110,450,6.5%,5.7%,215,505,0,0,0,0,0,3277,11849,1455,0,0,NULL,NULL,0,0,0,0,0,2575,4901,3780,0,0,NULL,NULL,0,0,0,0,0,0,NULL,NULL,380,2301,2795,3980,1800,0,0,0,0,0,0,0,NULL,NULL,550,2308,8244,3419,1134,926,0,0,0,0,0,0,NULL,NULL,840,2382,9713,1683,1037,926,15010.03053,z,27409.58927,z,z,z,2,0,1,0,0,0,3602407.326,240,0,0,5756013.746,210,0,0,0,0,0,0,0.203104114,0.423454794,33350987.44,94.3,3.3,0.4,82.3,8.5,3.3,98.0,94.1
Cheshire East,895,0.018281473,0.002349016,0.027603578,0.018710805,2987,2736,290,1190,7.1%,6.4%,140,350,0,449,0,0,0,7632,19875,3057,840,0,1,1,0,86,0,0,0,6659,15155,2976,780,0,1,1,0,86,0,0,0,0,1,1,0,10665,8509,1914,1830,2652,0,0,239,90,120,0,0,68,1890,2414,18487,5017,2865,731,0,21,203,105,120,0,0.046770601,66,2093,2653,20413,1635,3879,731,14385.58302,3025.775218,z,z,z,z,9,1,0,0,0,0,12270902.31,853,78670.15566,26,0,0,0,0,0,0,0,0,0.160084681,0.154610451,52593024.72,93.0,4.4,1.0,90.3,5.2,0.9,98.4,96.4
Cheshire West and Chester,896,0.002511283,0.022674334,0.035270991,0.028418983,4115,966,590,220,8.6%,12.8%,75,625,0,595,0,0,0,6552,21679,1463,210,0,1,1,0,0,150,0,155,4794,13514,1674,1055,165,0,111,0,0,0,150,0,155,0,74,975,3819,7605,8038,600,165,0,0,490,0,105,0,0,68,1837,2335,18057,2947,4260,468,0,105,490,0,0,0,0.176470588,49,2576,2182,19532,2801,2345,468,14100.70131,3895.717036,25216.00881,19126.97008,z,z,19,4,1,2,0,0,20065297.97,1423,1036260.732,266,2647680.925,105,5738091.024,300,0,0,0,0,0.213553913,0.092377843,78659194.22,90.7,5.6,1.5,90.3,6.2,1.1,97.8,97.6
Cornwall,908,0.003816061,0.008064129,0.016345549,0.013535002,5369,210,620,320,10.3%,11.4%,383,0,273,340,0,61,0,7322,32130,4680,959,0,0.909495549,94,75,0,0,0,0,3505,21224,4874,2789,0,1,1,0,0,75,0,0,0,0,74,1705,7435,9602,12954,0,696,40,156,180,221,0,77,0.328308208,39,3483,3534,20713,8112,5955,3294,231,56,195,75,40,77,0.480737018,24,4327,2990,24814,4460,5206,3294,17110.76561,9568.460736,z,z,z,z,23,3,0,0,0,0,30320276.67,1772,717634.5552,75,0,0,0,0,0,0,0,0,0.174982723,0.021656007,73509190.74,94.8,3.3,0.5,96.0,2.7,0.2,98.6,98.9
Cumbria,909,-0.010462294,0.001060179,0.006620195,0.010008178,3537,2097,20,140,17.1%,20.4%,150,0,0,140,0,0,0,4371,33030,3338,582,0,1,1,0,250,0,0,0,6656,18671,9923,0,300,1,1,0,0,0,200,50,0,0,74,1803,4715,12644,9191,6337,860,28,70,42,0,0,0,0.7,18,2736,3583,21098,3049,5370,5485,28,0,112,0,0,0,0.2,45,4808,1869,24589,717,3923,5415,25897.54665,z,z,z,z,z,4,0,0,0,0,0,7380800.794,285,0,0,0,0,0,0,0,0,0,0,0.011955544,0.087850008,24488209.92,96.8,1.8,0.3,94.3,4.1,0.4,98.9,98.7
Gloucestershire,916,0.013868429,0.002546403,0.021267415,0.010941931,5395,2497,500,410,9.2%,9.1%,2434,1665,111,231,81,0,0,10697,32199,5624,1310,630,0.808510638,101,69,500,90,150,0,10415,21094,7166,2458,660,0.703337454,97,0,69,321,269,150,0,0.085290482,71,6153,6242,15830,10000,2908,660,15,30,206,57,60,55,0.122282609,61,3842,6595,27096,2833,4817,5277,36,30,302,0,0,55,0.179347826,48,4283,6882,28248,2855,2915,5277,18132.86417,10281.74104,z,z,12461.05573,z,8,23,0,0,2,0,13400186.62,739,4729600.88,460,0,0,0,0,2866042.817,230,0,0,0.196335834,0.321783439,120948065.3,91.3,5.1,1.3,84.2,8.1,2.0,97.7,94.3
Hertfordshire,919,0.03470731,0.005393366,0.03117627,0.010268433,16018,10668,1120,1090,10.0%,11.7%,1323,2679,195,354,18,0,0,23819,73999,8780,900,0,0.968253968,86,1202,1735,30,0,0,30145,43937,12124,2962,1206,0.989888777,77,641,1115,251,560,400,0,0.591843613,43,18482,24741,23558,11946,6621,5026,0,30,343,68,0,126,0.068027211,66,6562,9466,53625,13707,9289,14849,148,0,260,33,0,126,0.335600907,34,7952,8717,59001,9938,7041,14849,22375.09697,6588.38656,z,24906.69073,12784.84369,z,16,30,0,4,5,0,45175320.78,2019,5185060.223,787,0,0,16438415.88,660,1623675.149,127,0,0,0.18778222,0.189612124,283979768.3,86.6,7.4,2.7,74.6,11.0,4.5,96.7,90.1
Isle of Wight,921,0.001297718,0.00205472,0.042667974,0.010135687,2162,0,60,0,16.5%,20.3%,0,0,0,0,0,0,0,210,7745,2312,0,0,NULL,NULL,0,1294,0,0,0,0,3760,2457,1437,0,1,1,0,0,0,1294,0,0,0,74,0,0,1585,3612,2082,375,0,0,0,0,0,0,NULL,NULL,0,420,6892,2457,420,78,0,0,0,0,0,0,NULL,NULL,210,420,8734,615,210,78,20257.5509,z,z,z,z,z,1,0,0,0,0,0,2430906.108,120,0,0,0,0,0,0,0,0,0,0,0.001341682,-0.163555794,5743425.34,94.8,3.2,0.5,91.7,5.9,0.1,98.4,97.7
Lincolnshire,925,0.017053907,0.007136785,0.025901706,0.013104118,6755,1656,430,900,13.1%,10.8%,923,1290,60,322,132,0,420,9346,41948,7313,2274,0,0.743190661,106,289,470,250,0,0,14659,24084,7235,3205,0,0.752229931,95,237,116,375,201,80,0,0.349851338,56,5432,6626,21972,10177,4336,640,0,240,154,70,30,440,0.48582996,26,2623,5633,33276,7030,6306,6013,35,120,239,70,30,440,0.313765182,37,2336,2515,34659,8589,6769,6013,13604.72832,5708.187838,22064.58036,z,z,z,20,8,2,0,0,0,23196061.78,1705,958975.5567,168,9267123.751,420,0,0,0,0,0,0,0.144702737,0.19145971,117739181.6,94.0,4.0,0.7,88.8,7.6,1.2,98.7,97.6
Norfolk,926,0.064892907,0.020875076,0.106418087,0.034208452,8123,3640,240,770,13.9%,13.6%,2131,510,220,734,15,0,420,8885,50014,5033,525,0,0.984520124,85,0,236,150,0,0,7465,34528,9172,0,0,0.611398964,103,0,60,176,150,0,0,0.155440415,69,2278,11411,28127,5378,3371,600,0,119,319,177,105,669,0.165277778,56,1642,4564,27361,12503,6740,11647,0,53,453,109,105,669,0.073611111,65,1480,2073,33595,8475,7187,11647,13334.94354,5634.226766,z,7539.479905,z,z,27,4,0,1,0,0,25856455.53,1939,845134.0149,150,0,0,1130921.986,150,0,0,0,0,0.160428669,0.046629604,145422781.2,93.0,4.0,0.9,90.7,4.9,0.8,97.9,96.4
Northamptonshire,928,0.042908674,0.00401467,0.036628023,0.015990406,12283,5233,220,140,11.8%,10.2%,65,1085,0,109,0,0,630,5998,49680,14038,194,420,1,1,94,0,0,0,0,10323,26125,16137,2430,0,1,1,94,0,0,0,0,0,1,1,9099,7078,22470,10451,1230,4687,0,0,0,109,0,630,0,68,2933,4927,34153,9919,6595,11803,0,0,0,0,109,630,0,69,2672,2480,39183,8184,6008,11803,16488.72745,3470.830204,19051.28256,z,z,z,16,4,2,0,0,0,35830004.75,2173,728874.3428,210,12002308.01,630,0,0,0,0,0,0,0.229211912,0.304077602,106745116,93.1,4.5,1.0,76.9,13.0,3.9,98.6,93.9
Northumberland,929,-0.000256005,0.010154883,0.024357326,0.006362468,5029,0,90,0,16.7%,18.0%,0,0,0,559,59,0,0,3325,18661,2679,0,1470,0.904530744,96,0,44,24,0,0,1758,11397,5429,1820,0,0.647058824,101,0,0,0,0,0,68,NULL,NULL,0,0,5100,2769,2715,9820,0,162,181,0,23,252,0.442622951,28,210,3234,6431,945,2203,13112,0,0,366,0,0,252,0,69,1344,1470,6856,1050,2303,13112,13661.88906,z,z,z,z,z,5,0,0,0,0,0,7213477.424,528,0,0,0,0,0,0,0,0,0,0,0.133047417,-0.024582223,18313907.6,98.2,1.5,0.1,98.4,0.6,0.1,99.8,99.1
Oxfordshire,931,0.033451577,0.009898158,0.01760444,0.01415138,10305,6337,240,350,12.9%,16.0%,1995,1450,0,261,20,0,0,5943,45155,4148,1435,0,0.928825623,90,0,290,0,0,0,6889,32315,4654,1275,0,1,1,0,0,150,0,0,140,0,74,6389,4452,28036,2281,1322,2653,0,0,191,15,75,0,0,68,2593,2833,32671,9000,6592,2992,0,0,281,0,0,0,0,69,4493,4924,34527,4825,4920,2992,18725.67581,z,24487.00567,18578.771,z,20981.26139,26,0,3,4,0,1,36402713.77,1944,0,0,26641862.17,1088,13934078.25,750,0,0,23918637.98,1140,0.224904308,0.230132338,98809779.25,93.3,4.4,1.0,85.5,6.7,1.8,98.7,94.0
Somerset,933,-0.001231468,0.000120732,0.027724176,0.010239042,3950,1972,60,90,12.2%,14.5%,1260,691,0,105,0,0,0,6668,29451,6453,1047,420,1,1,225,0,0,63,0,4001,22145,3171,862,0,0.78125,93,0,0,288,0,0,0,0,74,0,1498,11119,6205,3860,7497,0,60,30,0,0,15,0.666666667,19,1290,2850,17430,3291,5416,13762,60,0,30,0,0,15,0.666666667,15,1319,1943,19148,3151,4716,13762,14623.68598,7985.281588,20799.88377,6708.13463,z,z,8,4,1,1,0,0,8891201.075,608,958233.7906,120,4284776.057,206,1006220.195,150,0,0,0,0,0.116625983,-0.007472527,52166213.62,92.0,4.6,0.9,93.8,2.7,0.5,97.5,97.0
Suffolk,935,0.026157085,0.014862791,0.050141705,0.023899063,12711,0,150,410,11.5%,12.5%,855,1135,0,141,0,0,630,6355,38510,8960,787,0,1,1,102,211,0,0,0,4765,31698,7588,2820,0,1,1,68,185,60,0,0,0,0.808306709,32,654,15415,18553,7229,2660,2360,0,0,96,45,0,630,0,68,2426,2920,29826,7642,7102,4696,0,0,141,0,0,630,0,69,1992,2605,31196,6393,7730,4696,11249.89932,4702.673754,z,28482.1764,4383.49752,z,37,13,0,3,2,0,37000918.85,3289,2497119.763,531,0,0,34748255.2,1220,368213.7917,84,0,0,0.175587855,0.039724467,88891500.59,93.8,3.9,0.9,89.8,5.4,1.2,98.6,96.4
Surrey,936,0.043693553,0.032214075,0.034976123,0.030329849,15107,8063,2450,1710,7.0%,4.6%,2340,870,150,60,0,0,420,21810,68969,3981,586,0,1,1,868,366,227,0,900,24446,37251,4835,0,900,0.844626968,86,868,0,246,347,0,900,0.594113621,42,16615,10730,30398,6824,1125,1740,0,30,180,0,0,420,0.142857143,58,3966,10738,46784,13606,2476,17776,0,30,180,0,0,420,0.142857143,53,5037,10824,49756,9213,2740,17776,17556.38438,5590.390342,z,46008.65498,8171.249237,z,34,42,0,5,1,0,84253088.66,4799,6948855.195,1243,0,0,38187183.63,830,245137.4771,30,0,0,0.242181078,0.179815021,377968356.7,87.1,7.4,2.1,81.1,8.0,3.0,96.6,92.1
Warwickshire,937,0.03413175,0.033127218,0.048304384,0.033581472,5864,4561,1300,920,8.0%,4.9%,945,545,0,433,0,0,210,7290,35267,4338,1500,210,1,1,123,344,0,370,0,14316,19073,3960,1100,0,0.557945042,106,18,0,285,144,20,370,0.038543897,72,4047,5970,16670,3936,4930,2896,0,180,193,60,210,0,0.279937792,43,1974,4891,25558,5259,4721,6202,0,0,555,88,0,0,0,69,2761,4824,28382,2597,3839,6202,15436.68817,5823.209408,3440.779685,20810.90402,z,z,15,2,1,5,0,0,24220163.73,1569,349392.5645,60,103223.3905,30,6867598.326,330,0,0,0,0,0.236224345,0.162749192,120349446.7,93.9,4.2,0.8,80.4,9.9,3.1,98.9,93.4
West Sussex,938,0.068275555,0.014473866,0.043228155,0.013398058,10801,4707,670,1190,9.4%,10.5%,890,2640,15,181,30,0,0,5593,52675,11860,556,0,0.867256637,99,61,102,52,0,0,12768,32088,7551,0,0,0.758139535,94,61,0,52,102,0,0,0.28372093,62,4945,18331,14795,10256,4080,0,0,0,126,50,35,15,0,68,4295,7370,37473,10451,4675,6420,30,0,181,0,0,15,0.142180095,54,6711,8030,39122,6678,3723,6420,16944.69019,10694.11527,z,33015.23317,z,26093.28078,23,17,0,5,0,1,49478495.37,2920,6095645.702,570,0,0,34665994.83,1050,0,0,23483952.7,900,0.216033694,0.259710255,248466382.2,91.1,6.1,1.7,84.3,8.9,3.2,98.9,96.4
