LANumber,LA_name,Region,Pref_P_1_CY,Pref_P_2_CY,Pref_P_3_CY,Pref_S_1_CY,Pref_S_2_CY,Pref_S_3_CY,Pref_P_T3_CY,Pref_S_T3_CY,Pref_P_1_NY,Pref_P_2_NY,Pref_P_3_NY,Pref_S_1_NY,Pref_S_2_NY,Pref_S_3_NY,Pref_P_T3_NY,Pref_S_T3_NY,For_2_P,For_1_P,For_2_S,For_1_S,Qual_P_1_N,Qual_P_2_N,Qual_P_3_N,Qual_P_4_N,Qual_P_0_N,Qual_P_1_E,Qual_P_2_E,Qual_P_3_E,Qual_P_4_E,Qual_P_0_E,Qual_P_Prop,Qual_P_Propranks,Qual_S_1_N,Qual_S_2_N,Qual_S_3_N,Qual_S_4_N,Qual_S_0_N,Qual_S_1_E,Qual_S_2_E,Qual_S_3_E,Qual_S_4_E,Qual_S_0_E,Qual_S_Prop,Qual_S_Propranks,Quan_P_In,Quan_S_In,Quan_P_PP,Quan_S_PP,Quan_P_UP,Quan_S_UP,Funding,An_P_gro,An_S_gro,Ban_P_gro,Ban_S_gro,Quan_P_RP,Quan_S_RP,Quan_P_Su,Quan_S_Su,Projects_P_NS,Projects_P_EP,Projects_P_ET,Projects_S_NS,Projects_S_EP,Projects_S_ET,Places_P_NS,Places_P_EP,Places_P_ET,Places_S_NS,Places_S_EP,Places_S_ET,Cost_P_NS,Cost_P_EP,Cost_P_ET,Cost_S_NS,Cost_S_EP,Cost_S_ET,CPP_P_NS,CPP_P_EP,CPP_P_ET,CPP_S_NS,CPP_S_EP,CPP_S_ET
0,England,England,92.2,4.8,1.1,83.3,8.4,2.7,98.1,94.4,92.5,4.7,1.1,82.6,8.7,2.8,98.3,94.1,-0.00238213,-0.00288269,0.00735356,0.00365497,2566,9384,483,184,6480,806502,3631171,388986,37908,35214,0.947134818,z,6393,21424,3292,685,19370,746750,2302390,482239,114188,63212,0.874913506,z,720770,441206,28182,41125,11.504706,12.52978,13615061987,-0.0201917,0.0308597,0.156914,0.105397,20670,34210,0.141008618,0.089693922,70,1204,616,12,144,41,23763,128436,21294,11304,29815,3197,551106075.4,2494836561,195558875.4,317598518.1,796559688.1,32959802.98,23191.77189,19424.74509,9183.754835,28096.11802,26716.74285,10309.60369
201,City of London,Inner London,94.1,5.9,0,73.5,11.8,0,100,85.3,95.8,4.2,0,81.3,6.3,3.1,100,90.6,LOW,LOW,z,z,0,0,0,0,0,240,0,0,0,0,z,z,0,0,0,0,0,0,0,0,0,0,z,z,30,z,0,0,2.083333,z,3345175.42,-0.0789474,z,0.112195,z,0,z,0.125,z,z,z,z,12,144,41,23763,128436,21294,11304,29815,3197,710926837.2,3218339163,252270949.3,409702088.3,1027561998,42518145.85,29917.38573,25057.92117,11847.04374,36243.99225,34464.59828,13299.38875
202,Camden,Inner London,83.3,8.3,3.6,73.3,12.2,4.3,95.2,89.8,81.3,8.3,3.5,79.7,9.9,4.1,93.1,93.7,-0.0128403,0.0114022,-0.0129903,0.00598574,0,0,0,0,0,4021,7644,0,0,0,z,z,0,0,0,0,0,0,10063,2033,0,0,z,z,661,1959,0,0,14.642092,13.574735,18217771.5,-0.020339,-0.0267448,-0.0605096,0.0590774,0,0,0.18242606,0.168641212,z,z,z,12,144,41,23763,128436,21294,11304,29815,3197,710926837.2,3218339163,252270949.3,409702088.3,1027561998,42518145.85,29917.38573,25057.92117,11847.04374,36243.99225,34464.59828,13299.38875
203,Greenwich,Outer London,90.6,5.8,1.8,65.2,14.4,6.8,98.2,86.3,91.1,5.7,1.5,65.2,12.9,8,98.3,86,0.0079668,-0.00240664,0.00331521,6.63E-05,0,0,0,0,0,6861,19451,842,0,0,z,z,0,0,0,0,0,2453,12619,1050,0,2350,z,z,6739,4452,0,0,13.142126,14.661134,160128665.1,-0.0206224,0.0165761,0.283895,0.336346,0,0,0.150665707,0.092337915,z,z,z,12,144,41,23763,128436,21294,11304,29815,3197,666838351.2,3018752238,236626239.3,384294206.9,963837222.6,39881361.61,28062.04398,23503.94156,11112.34335,33996.3028,32327.25885,12474.62046
204,Hackney,Inner London,88.5,6.5,1.9,66.9,15.3,7.1,97,89.3,89,6.9,1.9,69.8,14.2,7,97.9,91,0.0304816,0.0120855,0.011926,-0.00227162,0,41,0,0,0,7805,12851,1199,0,0,1,1,30,0,0,0,0,3755,11611,526,0,0,1,1,4248,6949,0,0,21.355499,8.208768,47830724.96,-0.0241114,-0.0150901,0.0586789,0.58595,0,0,0.251370112,0.077036482,z,z,z,12,144,41,23763,128436,21294,11304,29815,3197,710926837.2,3218339163,252270949.3,409702088.3,1027561998,42518145.85,29917.38573,25057.92117,11847.04374,36243.99225,34464.59828,13299.38875
205,Hammersmith and Fulham,Inner London,81,9.8,2.9,62.1,14.3,8.4,93.7,84.9,82.2,8.5,3.2,65,14.3,6.5,93.9,85.8,0.0483267,0.0241634,-0.0208083,-0.00666933,0,0,0,0,0,3786,7680,420,0,0,z,z,0,0,0,0,0,3024,6933,0,0,0,z,z,2228,2845,0,0,22.336408,14.209218,65121935.78,-0.00918888,-0.036548,0.003872,0.347896,0,0,0.22405828,0.104306033,z,z,z,12,144,41,23763,128436,21294,11304,29815,3197,710926837.2,3218339163,252270949.3,409702088.3,1027561998,42518145.85,29917.38573,25057.92117,11847.04374,36243.99225,34464.59828,13299.38875
206,Islington,Inner London,82.7,8.9,3.1,66.3,14.2,7,94.8,87.5,83.6,8.2,3.4,66.6,15.9,7.2,95.2,89.7,0.0180435,0.0263775,0.00013468,0.00323232,0,45,0,0,0,3360,11541,420,0,0,1,1,0,0,0,0,0,3825,4632,1540,0,0,z,z,1507,781,0,0,19.953775,17.066719,27581656.44,0.0105996,-0.0111785,-0.00882188,-0.0156436,0,0,0.2087926,0.192859573,z,z,z,12,144,41,23763,128436,21294,11304,29815,3197,710926837.2,3218339163,252270949.3,409702088.3,1027561998,42518145.85,29917.38573,25057.92117,11847.04374,36243.99225,34464.59828,13299.38875
207,Kensington and Chelsea,Inner London,69.5,13,5.6,60.5,17.2,7.1,88.2,84.8,70.4,9.4,4.5,68.3,14.7,6.2,84.3,89.1,0.00756978,0.00993534,0.00332096,0.011721,0,30,0,0,0,3855,3680,210,0,0,1,1,0,0,0,0,0,3342,1200,0,1430,0,z,z,877,1241,0,90,16.141479,1.707971,17287745.38,-0.0203438,-0.0140652,-0.00611285,0.649162,0,180,0.201028938,0.01373107,z,z,z,12,144,41,23763,128436,21294,11304,29815,3197,710926837.2,3218339163,252270949.3,409702088.3,1027561998,42518145.85,29917.38573,25057.92117,11847.04374,36243.99225,34464.59828,13299.38875
208,Lambeth,Inner London,89.9,6.4,1.9,64,15.6,7.6,98.2,87.1,87.8,7.8,2.1,61.6,15.3,7.7,97.7,84.6,-0.00179875,-0.0145441,-0.0160572,-0.0101723,803,0,0,0,0,8974,14657,1260,875,0,1,1,0,0,0,0,0,5400,10163,1415,0,975,z,z,5739,7932,0,0,26.62294,22.92448,114848438.4,-0.0962072,-0.0557377,0.0467481,0.323579,0,0,0.338100794,0.294477343,z,z,z,12,144,41,23763,128436,21294,11304,29815,3197,710926837.2,3218339163,252270949.3,409702088.3,1027561998,42518145.85,29917.38573,25057.92117,11847.04374,36243.99225,34464.59828,13299.38875
209,Lewisham,Inner London,86.3,7.2,2.1,62,16.1,6.5,95.6,84.7,85.4,7.9,3.1,64.1,15.4,6.9,96.4,86.5,0.00266264,-0.00874234,-0.0259484,-0.00796437,0,0,0,0,0,7015,19484,466,0,900,z,z,0,0,0,0,0,1893,9692,2425,0,0,z,z,5856,1885,0,60,19.637092,18.041505,121272643.9,-0.0552055,-0.0208101,0.108357,0.0289012,0,0,0.24969163,0.189913596,z,z,z,12,144,41,23763,128436,21294,11304,29815,3197,710926837.2,3218339163,252270949.3,409702088.3,1027561998,42518145.85,29917.38573,25057.92117,11847.04374,36243.99225,34464.59828,13299.38875
210,Southwark,Inner London,87,7.8,2.2,69.4,13.5,5.9,97,88.8,87.8,8.2,1.7,69.4,15.6,5.8,97.8,90.7,0.0153502,0.0205479,-0.00296993,-0.00315555,0,30,0,0,0,6765,19625,420,0,420,1,1,0,0,0,0,0,10596,10025,0,0,900,z,z,4340,6649,0,0,23.030749,15.236316,70111011.33,-0.0123385,-0.0113229,0.0194622,0.359751,0,0,0.262665458,0.126258633,z,z,z,12,144,41,23763,128436,21294,11304,29815,3197,710926837.2,3218339163,252270949.3,409702088.3,1027561998,42518145.85,29917.38573,25057.92117,11847.04374,36243.99225,34464.59828,13299.38875
211,Tower Hamlets,Inner London,89.1,5.6,1.8,69.6,13.5,5.1,96.5,88.2,91.7,4.8,1.3,64.9,13.9,5.9,97.7,84.8,0.00317474,0.00687136,0.00605816,0.0124529,0,0,0,0,0,7380,17740,294,0,0,z,z,0,0,0,0,0,8269,11209,1200,0,0,z,z,3412,5688,446,600,8.882132,11.181155,88122700.51,-0.020962,0.0177033,0.122973,0.157821,340,0,0.142792943,0.095703847,z,z,z,12,144,41,23763,128436,21294,11304,29815,3197,710926837.2,3218339163,252270949.3,409702088.3,1027561998,42518145.85,29917.38573,25057.92117,11847.04374,36243.99225,34464.59828,13299.38875
212,Wandsworth,Inner London,82.5,8.3,3.7,65.3,16.5,6.5,94.6,88.4,83,7.3,4.5,64,17.4,6.7,94.9,88,0.0666589,0.0260359,0.0285515,0.00579016,0,0,0,0,0,6324,15080,1679,0,420,z,z,0,455,0,0,0,4760,10385,0,0,0,1,1,6581,2395,0,0,26.541293,14.814103,62118843.54,0.0087755,-0.0155735,0.100051,0.0970321,0,0,0.257665825,0.191275085,z,z,z,12,144,41,23763,128436,21294,11304,29815,3197,710926837.2,3218339163,252270949.3,409702088.3,1027561998,42518145.85,29917.38573,25057.92117,11847.04374,36243.99225,34464.59828,13299.38875
213,Westminster,Inner London,87.2,6.6,2.6,68.6,13.9,5.8,96.4,88.3,85.9,6.7,2.8,70.9,14.4,6.1,95.4,91.5,0.0374364,0.0226557,0.0465376,0.018011,0,0,0,0,0,4120,6523,840,0,0,z,z,0,0,0,0,0,7207,4470,0,0,550,z,z,0,3539,0,0,26.30609,8.423427,36922358.62,-0.0204749,-0.00223739,-0.19583,0.258305,0,60,0.295915701,0.039623596,z,z,z,12,144,41,23763,128436,21294,11304,29815,3197,710926837.2,3218339163,252270949.3,409702088.3,1027561998,42518145.85,29917.38573,25057.92117,11847.04374,36243.99225,34464.59828,13299.38875
301,Barking and Dagenham,Outer London,93.3,4.2,1,81.3,10.3,2.8,98.5,94.3,95.5,3,0.5,80.8,8.9,3.5,99.1,93.3,0.0304716,0.00654423,0.0127922,0.00163841,0,0,0,0,0,2370,25918,1470,0,0,z,z,0,0,0,0,0,0,23260,600,0,0,z,z,8711,12625,0,0,15.105526,26.399254,201979789.4,0.00159516,0.0391329,0.375703,0.461772,20,30,0.177676111,0.1994169,z,z,z,12,144,41,23763,128436,21294,11304,29815,3197,666838351.2,3018752238,236626239.3,384294206.9,963837222.6,39881361.61,28062.04398,23503.94156,11112.34335,33996.3028,32327.25885,12474.62046
302,Barnet,Outer London,83.9,8.6,2.8,72.6,12.4,4.6,95.4,89.6,85.4,8,2.6,71.7,12.5,4.8,96,89.1,-0.00917308,-0.0122644,-0.0241767,-0.0116612,36,47,48,0,0,9544,22001,988,0,0,0.633587786,76,263,202,0,0,0,5984,23314,0,0,1647,1,1,5901,8793,112,16,9.645268,10.906326,112535333.2,-0.0220087,-0.0169578,0.219663,0.379552,0,0,0.117625659,0.095553525,z,z,z,12,144,41,23763,128436,21294,11304,29815,3197,666838351.2,3018752238,236626239.3,384294206.9,963837222.6,39881361.61,28062.04398,23503.94156,11112.34335,33996.3028,32327.25885,12474.62046
303,Bexley,Outer London,91.6,6.3,1.2,73.2,14.2,4.8,99.1,92.3,89.3,7,1.7,71.2,14,6.1,98,91.3,0.0171608,0.00596697,0.0248015,0.0202474,0,0,0,0,0,3128,20025,840,0,656,z,z,0,0,0,0,0,2970,12104,3565,3900,0,z,z,4805,1278,120,322,10.699863,13.725236,57825284.17,-0.00481058,0.0324943,0.122482,-0.00392325,0,0,0.131373894,0.105160684,z,z,z,12,144,41,23763,128436,21294,11304,29815,3197,666838351.2,3018752238,236626239.3,384294206.9,963837222.6,39881361.61,28062.04398,23503.94156,11112.34335,33996.3028,32327.25885,12474.62046
304,Brent,Outer London,87.8,7.2,1.9,69.8,13.2,5.6,96.9,88.6,87.7,7.4,2.1,69.9,12.8,5.3,97.2,87.9,-0.0106783,-0.00846352,-0.0061387,-0.00753662,0,0,0,0,0,6749,22002,836,0,0,z,z,0,0,0,0,0,6231,16083,0,0,900,z,z,7315,5764,0,0,17.033734,13.81475,184006326.4,-0.0198932,-0.00510545,0.145725,0.158825,0,0,0.174126037,0.133311084,z,z,z,12,144,41,23763,128436,21294,11304,29815,3197,666838351.2,3018752238,236626239.3,384294206.9,963837222.6,39881361.61,28062.04398,23503.94156,11112.34335,33996.3028,32327.25885,12474.62046
305,Bromley,Outer London,86.5,7.4,2.7,67.6,13.3,5.8,96.6,86.8,87.9,6.7,2.5,68.7,13.2,5.9,97.1,87.8,0.00169099,-0.0044848,0.0265301,0.0187549,0,47,0,0,0,8442,21412,420,0,0,1,1,0,126,0,0,0,8076,15933,2891,0,900,1,1,6485,5245,420,150,10.795436,14.119459,80010688.32,-0.0245194,0.0261623,0.171331,0.0969285,0,0,0.139307839,0.095480747,z,z,z,12,144,41,23763,128436,21294,11304,29815,3197,666838351.2,3018752238,236626239.3,384294206.9,963837222.6,39881361.61,28062.04398,23503.94156,11112.34335,33996.3028,32327.25885,12474.62046
306,Croydon,Outer London,86.5,7.9,2.1,65.4,15.9,6.3,96.6,87.6,88.5,7.2,2.1,68.2,15,6.4,97.8,89.7,0.00889895,0.0170643,0.000882292,-0.00908242,0,0,0,0,0,7659,25708,2981,630,0,z,z,0,0,0,0,0,5535,16033,4029,0,2580,z,z,10308,6306,0,0,20.489654,19.936589,214034544.3,-0.00484818,0.00560515,0.141733,0.0600792,10,0,0.207536614,0.164797772,z,z,z,12,144,41,23763,128436,21294,11304,29815,3197,666838351.2,3018752238,236626239.3,384294206.9,963837222.6,39881361.61,28062.04398,23503.94156,11112.34335,33996.3028,32327.25885,12474.62046
307,Ealing,Outer London,86.5,6.6,1.9,73.6,11.5,4.8,95,89.9,88.2,6.1,2.1,73.2,10.8,5,96.4,88.9,-0.0286569,-0.0216159,-0.0154771,-0.00835096,0,0,0,0,0,6266,23974,1747,0,0,z,z,291,0,0,0,1200,12484,8803,0,0,1330,1,1,6179,8649,0,0,11.671974,16.04943,150040567.1,-0.065059,0.00968712,0.145317,0.251446,0,180,0.179049503,0.082307234,z,z,z,12,144,41,23763,128436,21294,11304,29815,3197,666838351.2,3018752238,236626239.3,384294206.9,963837222.6,39881361.61,28062.04398,23503.94156,11112.34335,33996.3028,32327.25885,12474.62046
308,Enfield,Outer London,90.5,5.5,1.6,73.3,13.6,5.7,97.7,92.6,92.6,4.5,1.2,74.8,12.9,4.8,98.3,92.6,0.0291338,0.0147034,-0.000102051,0.0211756,0,0,0,0,0,5029,26475,2160,0,210,z,z,0,0,0,0,0,5128,19675,900,0,920,z,z,6074,5294,0,0,14.079433,16.396193,123509042.9,-0.0250401,0.00943974,0.106401,0.0603257,40,230,0.170786074,0.166055111,z,z,z,12,144,41,23763,128436,21294,11304,29815,3197,666838351.2,3018752238,236626239.3,384294206.9,963837222.6,39881361.61,28062.04398,23503.94156,11112.34335,33996.3028,32327.25885,12474.62046
309,Haringey,Inner London,87.5,7.3,2.5,70.3,12.1,5.7,97.3,88,89,7.2,1.6,71.7,13.3,5.5,97.8,90.5,0.00870416,0.00401731,-0.00498995,0.00700082,0,0,0,0,0,6120,16425,210,630,0,z,z,0,120,0,0,0,7189,9168,0,0,0,1,1,2081,2829,0,0,15.684738,9.267917,43060477.31,0.00360527,-0.0157891,-0.0096404,0.237626,0,0,0.16673081,0.081344057,z,z,z,12,144,41,23763,128436,21294,11304,29815,3197,710926837.2,3218339163,252270949.3,409702088.3,1027561998,42518145.85,29917.38573,25057.92117,11847.04374,36243.99225,34464.59828,13299.38875
310,Harrow,Outer London,85.3,7.1,2.7,67.7,12.6,5.6,95.2,86,87.7,6.8,2.2,67.6,12.6,5.7,96.7,85.8,-0.00422058,-0.0103427,0.0055966,-0.00723827,0,0,0,0,0,9620,12616,1050,0,420,z,z,0,63,0,0,0,7883,5634,2860,0,0,1,1,2829,7764,0,0,12.372395,6.063269,130350371,-0.0185984,-0.00611895,0.273689,0.270237,50,110,0.128439284,0.047248898,z,z,z,12,144,41,23763,128436,21294,11304,29815,3197,666838351.2,3018752238,236626239.3,384294206.9,963837222.6,39881361.61,28062.04398,23503.94156,11112.34335,33996.3028,32327.25885,12474.62046
311,Havering,Outer London,90.9,5.6,1.4,81.9,10.6,3.1,97.9,95.6,89.7,5.9,1.4,79.1,10.6,3.6,97,93.4,-0.0119776,0.00957362,-0.0109653,0.000456889,0,0,0,0,0,4691,21113,180,0,0,z,z,0,0,0,0,0,1924,14158,0,1150,0,z,z,6741,1809,0,0,10.352525,15.559733,104127290.1,0.0288474,0.0381829,0.290184,-0.00571095,240,50,0.070512142,0.092208691,z,z,z,12,144,41,23763,128436,21294,11304,29815,3197,666838351.2,3018752238,236626239.3,384294206.9,963837222.6,39881361.61,28062.04398,23503.94156,11112.34335,33996.3028,32327.25885,12474.62046
312,Hillingdon,Outer London,94.3,4,0.8,71.9,13.3,5.1,99.1,90.4,95,3.7,0.7,69.5,14.6,5.4,99.4,89.5,0.00933545,-0.0108114,0.0172681,0.00808058,0,0,0,0,0,4020,27352,1710,0,0,z,z,0,0,0,0,0,5871,15295,4094,0,0,z,z,8407,4294,0,225,18.276538,15.593154,113788539.5,-0.0347958,0.02236,0.224627,0.194263,0,0,0.209328335,0.129766517,z,z,z,12,144,41,23763,128436,21294,11304,29815,3197,666838351.2,3018752238,236626239.3,384294206.9,963837222.6,39881361.61,28062.04398,23503.94156,11112.34335,33996.3028,32327.25885,12474.62046
313,Hounslow,Outer London,85.5,8.5,2.5,70.7,13.9,6,96.5,90.6,85.4,9.8,2.2,67.3,13.5,7.3,97.4,88,-0.00230495,-0.0106984,0.0106111,0.00280881,0,0,0,0,0,6950,17101,210,0,0,z,z,0,0,0,0,0,8004,13232,0,0,1260,z,z,6988,6625,0,0,12.940242,14.04613,131527711.1,-0.0427068,0.0145434,0.325226,0.207583,0,0,0.164978567,0.086888161,z,z,z,12,144,41,23763,128436,21294,11304,29815,3197,666838351.2,3018752238,236626239.3,384294206.9,963837222.6,39881361.61,28062.04398,23503.94156,11112.34335,33996.3028,32327.25885,12474.62046
314,Kingston upon Thames,Outer London,86.4,7.4,2.6,70,12.4,6.5,96.4,89,88,8.1,1.4,72.8,13.2,5.3,97.5,91.3,0.00183725,0.000612417,0.00474364,-0.00615664,0,0,0,0,0,2130,10740,1500,0,0,z,z,0,0,0,0,0,6378,6533,0,0,0,z,z,3258,2480,0,30,8.274182,5.506932,64889899.27,8.42E-04,0.0116068,0.186575,0.304714,120,0,0.098694889,0.019630656,z,z,z,12,144,41,23763,128436,21294,11304,29815,3197,666838351.2,3018752238,236626239.3,384294206.9,963837222.6,39881361.61,28062.04398,23503.94156,11112.34335,33996.3028,32327.25885,12474.62046
315,Merton,Outer London,84.3,7.1,2.7,69.2,14.4,5.3,94.1,88.9,85.4,6,2.8,67.2,15.2,6.7,94.1,89,0.00973941,-0.0108581,-0.00720701,-0.00443508,0,0,0,0,0,3758,14651,0,0,0,z,z,71,0,0,0,0,5066,5105,0,0,1150,1,1,4193,1461,0,0,19.318242,9.875351,79031895.14,-0.0244143,0.000997893,0.126631,0.147894,0,0,0.221335154,0.056172315,z,z,z,12,144,41,23763,128436,21294,11304,29815,3197,666838351.2,3018752238,236626239.3,384294206.9,963837222.6,39881361.61,28062.04398,23503.94156,11112.34335,33996.3028,32327.25885,12474.62046
316,Newham,Inner London,91.7,4.4,1.5,68.5,19.1,6.1,97.6,93.6,93.6,3.9,1,67.6,17.1,6.9,98.5,91.7,0.0176427,-0.00652414,0.0290227,0.00291083,70,0,0,0,210,14315,22437,1470,0,420,1,1,220,60,0,0,0,11323,11970,0,1000,0,1,1,7624,9845,0,360,14.944031,8.816745,243289795.2,-0.0419628,-0.0188348,0.171145,0.324545,0,0,0.19390753,0.072348238,z,z,z,12,144,41,23763,128436,21294,11304,29815,3197,710926837.2,3218339163,252270949.3,409702088.3,1027561998,42518145.85,29917.38573,25057.92117,11847.04374,36243.99225,34464.59828,13299.38875
317,Redbridge,Outer London,86.7,7.1,2.2,65.4,14,6.1,96,85.6,86.9,7.9,1.9,63.3,14.4,6.2,96.6,83.9,0.00788467,-0.0161754,0.00816061,-0.00125163,0,90,0,0,0,11640,18316,1830,0,420,1,1,0,0,240,0,0,10150,15654,1760,0,0,0,82,5497,9944,0,0,9.18961,7.126482,224755458.2,-0.0408108,0.00615801,0.260762,0.216666,0,0,0.122337131,0.057470946,z,z,z,12,144,41,23763,128436,21294,11304,29815,3197,666838351.2,3018752238,236626239.3,384294206.9,963837222.6,39881361.61,28062.04398,23503.94156,11112.34335,33996.3028,32327.25885,12474.62046
318,Richmond upon Thames,Outer London,91,5.6,1.8,64.2,15.5,6.3,98.4,86,90.1,5.9,2.2,67.9,13.6,6.3,98.2,87.8,-0.00844383,-0.0138854,-0.00996016,-0.0105578,0,0,0,0,0,9540,8392,990,0,0,z,z,122,0,0,0,0,5218,7470,0,0,0,1,1,5326,4888,0,60,14.237396,12.552693,57547674.86,-0.0716162,0.0153386,0.22195,0.507281,20,0,0.216505352,0.071299084,z,z,z,12,144,41,23763,128436,21294,11304,29815,3197,666838351.2,3018752238,236626239.3,384294206.9,963837222.6,39881361.61,28062.04398,23503.94156,11112.34335,33996.3028,32327.25885,12474.62046
319,Sutton,Outer London,89.9,6,1.8,73.1,12.2,5.2,97.6,90.5,91.6,5.7,1.5,68.3,14.8,5.8,98.8,89,-0.0177085,-0.0169264,-0.00350024,0.00100854,0,0,0,0,0,4617,13079,0,0,0,z,z,0,0,0,0,0,4532,14627,0,1315,1275,z,z,4692,4789,0,160,3.847428,5.425537,146874665.9,-0.0548573,0.0203488,0.334402,0.262527,100,150,0.071609058,0.004243114,z,z,z,12,144,41,23763,128436,21294,11304,29815,3197,666838351.2,3018752238,236626239.3,384294206.9,963837222.6,39881361.61,28062.04398,23503.94156,11112.34335,33996.3028,32327.25885,12474.62046
320,Waltham Forest,Outer London,90.7,5.4,1.7,78.4,11.5,3.6,97.8,93.5,90.3,6.1,1.6,75.9,11.9,3.8,98,91.7,0.0401738,0.0189686,0.0305211,-0.00325282,0,0,0,0,0,8190,17850,1260,420,0,z,z,0,150,0,0,0,1520,12964,1494,900,0,1,1,6834,2649,0,480,16.052827,10.405731,211877853.3,0.0248183,0.00062288,0.141784,0.124523,0,0,0.153411514,0.095544952,z,z,z,12,144,41,23763,128436,21294,11304,29815,3197,666838351.2,3018752238,236626239.3,384294206.9,963837222.6,39881361.61,28062.04398,23503.94156,11112.34335,33996.3028,32327.25885,12474.62046
330,Birmingham,West Midlands,91.6,5.5,1.7,70.8,12.9,5.5,98.8,89.2,91.3,6,1.7,71.6,13.1,5.3,99,90,-0.0259907,-0.00249664,-0.0169991,0.00407059,0,30,0,0,0,18424,78754,13282,1284,0,1,1,314,502,397,0,2410,22947,45244,11098,1470,2400,0.672712284,71,14322,24065,0,1380,7.009632,10.05934,319554025.8,-0.0296579,0.028697,0.164703,0.194048,430,740,0.107268846,0.062548827,z,z,z,12,144,41,23763,128436,21294,11304,29815,3197,529061832.3,2395043098,187736520.4,304894577.4,764697300.6,31641410.86,22264.10101,18647.75529,8816.404641,26972.2733,25648.07314,9897.219538
331,Coventry,West Midlands,94.6,4.1,0.6,83.1,9.5,3.3,99.2,95.9,94.2,4.1,0.8,78.8,10.4,4.3,99,93.5,-0.0144932,-0.0162209,-0.00103413,0.00253831,0,0,0,0,0,1470,27990,4340,0,0,z,z,141,857,0,0,0,5095,14208,2968,898,0,1,1,6561,3010,0,930,9.121872,6.649957,118373380.5,-0.0531738,0.0377456,0.242932,0.213092,40,1000,0.131049691,0.063592429,z,z,z,12,144,41,23763,128436,21294,11304,29815,3197,529061832.3,2395043098,187736520.4,304894577.4,764697300.6,31641410.86,22264.10101,18647.75529,8816.404641,26972.2733,25648.07314,9897.219538
332,Dudley,West Midlands,90.8,5.2,1.3,88.5,7.5,1.4,97.3,97.4,91.5,5.1,1.2,84.6,9,1.9,97.9,95.5,-0.00694133,-0.00873265,-0.00904037,-0.00774889,0,0,0,0,0,903,20325,5172,630,0,z,z,0,400,109,0,0,1175,12537,4840,1209,0,0.785854617,70,954,0,0,0,6.021053,11.045881,36097576.72,-0.0471712,0.0271773,0.0948315,-0.0755775,0,150,0.10414035,0.071039298,z,z,z,12,144,41,23763,128436,21294,11304,29815,3197,529061832.3,2395043098,187736520.4,304894577.4,764697300.6,31641410.86,22264.10101,18647.75529,8816.404641,26972.2733,25648.07314,9897.219538
333,Sandwell,West Midlands,93.7,3.4,0.8,80.2,9.5,3.1,97.9,92.8,94.9,2.8,0.4,78.6,9.2,3.1,98.1,91,-0.000177815,-0.00539371,0.00354486,0.00765864,0,0,0,0,0,6431,22448,4374,0,420,z,z,393,821,0,0,0,2645,17470,2700,0,750,1,1,6101,5409,0,1050,4.356066,10.562112,132829616.4,-0.0370447,0.0412691,0.283589,0.253772,0,360,0.080898367,0.097121395,z,z,z,12,144,41,23763,128436,21294,11304,29815,3197,529061832.3,2395043098,187736520.4,304894577.4,764697300.6,31641410.86,22264.10101,18647.75529,8816.404641,26972.2733,25648.07314,9897.219538
334,Solihull,West Midlands,90.5,6,1.3,75.8,11.2,4.7,97.8,91.7,92.5,5.1,1,73.4,11.5,5.1,98.6,90,-0.0124041,0.00267641,-0.00834971,0.0047888,0,30,0,0,0,4178,12494,3390,0,0,1,1,0,0,0,0,0,2857,13595,1400,0,0,z,z,1165,1116,300,300,3.688035,8.658901,33370598.19,-0.0116836,0.021304,0.137263,0.0534213,150,60,0.065715001,0.059824893,z,z,z,12,144,41,23763,128436,21294,11304,29815,3197,529061832.3,2395043098,187736520.4,304894577.4,764697300.6,31641410.86,22264.10101,18647.75529,8816.404641,26972.2733,25648.07314,9897.219538
335,Walsall,West Midlands,92.4,4.3,1.2,79.5,10.3,3.3,97.9,93.1,92.4,4,1.1,78.5,10.4,3.4,97.5,92.3,-0.00918587,-0.0126306,-0.0106859,-0.000421119,0,285,0,0,0,3645,19952,3514,0,0,1,1,100,720,142,0,0,3587,13011,5540,0,0,0.852390852,65,2515,412,0,150,4.018036,6.989796,67385087.02,-0.0340025,0.0330052,0.190021,0.0880298,80,560,0.06882889,0.032856508,z,z,z,12,144,41,23763,128436,21294,11304,29815,3197,529061832.3,2395043098,187736520.4,304894577.4,764697300.6,31641410.86,22264.10101,18647.75529,8816.404641,26972.2733,25648.07314,9897.219538
336,Wolverhampton,West Midlands,89.8,5.3,1.7,72.7,12.4,5,96.8,90.1,91.5,5.8,0.9,72.2,11.8,4.5,98.2,88.5,-0.00116442,0.000923509,0.00634957,0.00141731,75,30,0,0,0,4232,19335,1107,0,0,1,1,0,370,0,0,0,3544,14625,3140,0,0,1,1,2921,5314,105,0,3.718402,12.423879,54964888.59,-0.0100381,0.0281195,0.298759,0.362716,20,150,0.049971055,0.077607113,z,z,z,12,144,41,23763,128436,21294,11304,29815,3197,529061832.3,2395043098,187736520.4,304894577.4,764697300.6,31641410.86,22264.10101,18647.75529,8816.404641,26972.2733,25648.07314,9897.219538
340,Knowsley,North West,87.8,6.3,2.2,81.6,10.9,2.8,96.2,95.3,90.3,5.2,1.7,77.1,13,2.7,97.2,92.8,-0.00544451,-0.0117094,0.0467192,-0.00122485,135,70,35,0,0,1335,11485,1225,0,0,0.854166667,71,0,0,0,0,0,0,3459,2150,0,0,z,z,0,0,0,0,7.462373,14.551734,8884598.3,-0.00238663,0.00472441,0.10691,-0.211289,70,30,0.06821789,0.131960605,z,z,z,12,144,41,23763,128436,21294,11304,29815,3197,551106075.4,2494836561,195558875.4,317598518.1,796559688.1,32959802.98,23191.77189,19424.74509,9183.754835,28096.11802,26716.74285,10309.60369
341,Liverpool,North West,86.2,8.4,1.6,67.6,12.3,5.8,96.3,85.7,87.4,7.8,1.7,67.1,12.4,5.8,96.9,85.4,-0.00925926,-0.00247424,-0.0073118,-0.0121615,30,105,0,0,0,7745,29289,1575,0,0,1,1,99,307,76,0,0,6025,13452,9694,750,0,0.842323651,66,3635,0,0,20,5.539351,9.778354,86277167.01,-5.87E-04,0.0266358,0.236095,0.0603639,720,300,0.047429456,0.062284464,z,z,z,12,144,41,23763,128436,21294,11304,29815,3197,551106075.4,2494836561,195558875.4,317598518.1,796559688.1,32959802.98,23191.77189,19424.74509,9183.754835,28096.11802,26716.74285,10309.60369
342,St. Helens,North West,93.8,4.2,0.6,91.2,4.7,1.7,98.6,97.5,94.6,3.8,0.3,90.7,5.7,0.7,98.6,97.1,-0.0107261,-0.00770077,0.0132154,0.00466427,0,0,0,0,0,3676,11185,1039,0,0,z,z,0,0,0,0,0,0,5780,4600,0,0,z,z,1193,851,0,0,8.446541,8.104738,21322209.58,-0.0394664,0.0131183,0.0791719,0.0641092,40,50,0.123715626,0.059828718,z,z,z,12,144,41,23763,128436,21294,11304,29815,3197,551106075.4,2494836561,195558875.4,317598518.1,796559688.1,32959802.98,23191.77189,19424.74509,9183.754835,28096.11802,26716.74285,10309.60369
343,Sefton,North West,93.7,4,0.9,85.1,8.7,1.9,98.7,95.7,89.8,6,1.5,84.2,8.6,2.1,97.2,94.9,-0.0150795,-0.00715555,-0.0113673,0.000974342,0,0,0,0,0,2525,18167,1365,0,0,z,z,0,0,0,0,0,3007,10300,3993,2163,0,z,z,154,0,0,0,7.300796,15.994451,12575017.67,-0.0394276,0.0181877,0.0556654,-0.0814439,70,20,0.113026705,0.118488303,z,z,z,12,144,41,23763,128436,21294,11304,29815,3197,551106075.4,2494836561,195558875.4,317598518.1,796559688.1,32959802.98,23191.77189,19424.74509,9183.754835,28096.11802,26716.74285,10309.60369
344,Wirral,North West,95.1,3.1,0.4,89.5,6.2,0.8,98.6,96.5,96.2,2.3,0.3,89.8,5.1,1.1,98.8,96,-0.00784376,-0.00364457,0.00811637,0.00242437,0,0,0,0,0,5022,19059,3215,0,0,z,z,0,0,0,0,0,8906,8241,6405,0,0,z,z,676,0,0,190,10.747328,11.505197,10700620.87,-0.050826,0.0120691,0.0551329,0.00743337,40,0,0.146437727,0.103620844,z,z,z,12,144,41,23763,128436,21294,11304,29815,3197,551106075.4,2494836561,195558875.4,317598518.1,796559688.1,32959802.98,23191.77189,19424.74509,9183.754835,28096.11802,26716.74285,10309.60369
350,Bolton,North West,91.6,5.2,1.2,82.3,10.1,3,98,95.4,90,6,1.5,81.7,10.2,2.9,97.4,94.8,0.0114718,-0.0045461,0.00789796,0.00412068,0,0,0,0,0,7260,20470,840,0,0,z,z,0,0,0,0,0,4340,13188,5111,0,900,z,z,5383,4445,60,60,3.701276,11.361075,69874542.92,-0.0137449,0.0466029,0.229198,0.184899,370,0,0.070329882,0.03852756,z,z,z,12,144,41,23763,128436,21294,11304,29815,3197,551106075.4,2494836561,195558875.4,317598518.1,796559688.1,32959802.98,23191.77189,19424.74509,9183.754835,28096.11802,26716.74285,10309.60369
351,Bury,North West,95.2,2.6,0.6,89.6,5.8,1,98.5,96.4,91.9,5.3,1.1,85,8,1.5,98.3,94.6,-0.0220771,-0.0139303,0.000879817,0.0019356,0,0,0,0,0,2005,12643,1637,210,700,z,z,0,0,0,0,0,0,5557,2541,0,0,z,z,2011,0,0,0,10.522187,6.097976,29867853.4,-0.0674129,0.0139011,0.101823,0.0224901,0,340,0.159793814,0.047074021,z,z,z,12,144,41,23763,128436,21294,11304,29815,3197,551106075.4,2494836561,195558875.4,317598518.1,796559688.1,32959802.98,23191.77189,19424.74509,9183.754835,28096.11802,26716.74285,10309.60369
352,Manchester,North West,95.6,2.8,0.6,83.1,11.5,3.9,99,98.5,95,3.7,0.6,76.5,11.7,3.5,99.2,91.6,-0.011661,-0.0102785,-0.0182542,-0.00253447,0,0,0,0,0,10932,38174,3385,630,420,z,z,0,56,0,0,1200,5338,21299,2100,1800,2550,1,1,13733,12240,210,535,7.208331,10.030909,342267201.2,-0.048868,0.0523791,0.387352,0.509725,0,510,0.120272048,0.024059285,z,z,z,12,144,41,23763,128436,21294,11304,29815,3197,551106075.4,2494836561,195558875.4,317598518.1,796559688.1,32959802.98,23191.77189,19424.74509,9183.754835,28096.11802,26716.74285,10309.60369
353,Oldham,North West,95.2,2.9,0.4,75.7,12.3,3.2,98.4,91.2,94.3,3.5,0.2,80.6,10.7,3.4,98,94.6,0.045024,0.00559149,0.0381728,-0.00149023,150,0,0,0,0,3360,18740,2635,0,0,1,1,0,477,0,0,0,1635,8558,6000,0,1500,1,1,2973,2002,35,720,7.189189,7.583893,89984804.72,0.00938869,0.0128389,0.131492,0.158192,50,0,0.069118697,0.077237772,z,z,z,12,144,41,23763,128436,21294,11304,29815,3197,551106075.4,2494836561,195558875.4,317598518.1,796559688.1,32959802.98,23191.77189,19424.74509,9183.754835,28096.11802,26716.74285,10309.60369
354,Rochdale,North West,92.8,5.6,1,90.4,5.7,1.2,99.4,97.3,91.4,5.4,1.4,85.2,8.7,1.7,98.2,95.5,0.013109,0.00827445,0.0150935,0.00786565,0,45,0,0,0,3673,16213,2464,0,0,1,1,0,0,0,0,900,1350,8430,2100,0,0,z,z,3716,0,30,50,6.054645,9.02805,67521219.9,0.00887877,0.0519416,0.204007,0.133039,290,360,0.065194754,0.033994849,z,z,z,12,144,41,23763,128436,21294,11304,29815,3197,551106075.4,2494836561,195558875.4,317598518.1,796559688.1,32959802.98,23191.77189,19424.74509,9183.754835,28096.11802,26716.74285,10309.60369
355,Salford,North West,89.8,5.3,1.1,81.3,8.7,2.1,96.2,92,88.2,6.1,1.4,81.3,10.2,1.9,95.6,93.3,-0.0295201,-0.0047305,-0.00330084,-0.00130498,0,60,0,0,0,4320,17807,1015,420,0,1,1,0,250,170,0,0,0,5000,7032,0,0,0.595238095,74,4815,499,24,1486,8.257805,8.3431,66180621.37,-0.0122811,0.0360021,0.314106,0.207993,170,0,0.09695674,0.10119988,z,z,z,12,144,41,23763,128436,21294,11304,29815,3197,551106075.4,2494836561,195558875.4,317598518.1,796559688.1,32959802.98,23191.77189,19424.74509,9183.754835,28096.11802,26716.74285,10309.60369
356,Stockport,North West,90.9,5.3,1.2,83.2,7,4.1,97.5,94.3,93.7,4.4,0.7,81.3,8,3.4,98.8,92.7,-0.0241622,-0.00837785,0.0118167,0.00423381,0,0,0,0,0,5415,18172,2229,168,420,z,z,0,0,0,0,0,1650,8600,3975,0,1050,z,z,4466,0,435,30,9.358585,8.532562,50279405.77,-0.018496,0.0179463,0.183163,0.0816815,20,50,0.117696312,0.05437495,z,z,z,12,144,41,23763,128436,21294,11304,29815,3197,551106075.4,2494836561,195558875.4,317598518.1,796559688.1,32959802.98,23191.77189,19424.74509,9183.754835,28096.11802,26716.74285,10309.60369
357,Tameside,North West,93.7,4.3,0.8,84.4,7.7,2,98.8,94.1,92.2,5,0.8,85.1,7.9,1.9,98.1,94.9,0.0169676,0.00687608,0.0319622,0.00708024,0,0,0,0,0,1259,19524,980,420,0,z,z,0,201,0,0,0,2706,6798,3222,920,1050,1,1,3470,616,0,150,9.205263,7.985758,61754285.86,-0.0135048,0.0324343,0.158785,0.0605736,0,0,0.113610098,0.035709787,z,z,z,12,144,41,23763,128436,21294,11304,29815,3197,551106075.4,2494836561,195558875.4,317598518.1,796559688.1,32959802.98,23191.77189,19424.74509,9183.754835,28096.11802,26716.74285,10309.60369
358,Trafford,North West,94,4,1.2,76.2,10.5,4.6,99.1,91.3,94.3,4,1.2,75.6,11.1,4.2,99.5,90.9,0.00384561,0.000140693,0.0180886,0.00712939,30,30,0,0,0,8277,11899,1142,0,0,1,1,276,155,0,0,0,6802,13157,0,0,0,1,1,3574,2317,665,0,3.353519,9.470686,86406320.79,-0.00872298,0.0636342,0.219851,0.17763,210,630,0.068194682,0.044749355,z,z,z,12,144,41,23763,128436,21294,11304,29815,3197,551106075.4,2494836561,195558875.4,317598518.1,796559688.1,32959802.98,23191.77189,19424.74509,9183.754835,28096.11802,26716.74285,10309.60369
359,Wigan,North West,93.3,4.5,1,87.3,6.2,2.2,98.7,95.8,91.3,4.8,1.1,91.1,5.2,0.9,97.2,97.2,-0.00469321,-0.005578,0.0305831,0.0171868,105,0,0,0,0,7585,18328,1110,140,0,1,1,0,205,0,0,0,0,14321,2941,1025,0,1,1,1795,0,30,135,6.34582,8.918906,67828636.47,-0.0273129,0.0495353,0.0965116,0.0345402,220,300,0.0947128,0.04664177,z,z,z,12,144,41,23763,128436,21294,11304,29815,3197,551106075.4,2494836561,195558875.4,317598518.1,796559688.1,32959802.98,23191.77189,19424.74509,9183.754835,28096.11802,26716.74285,10309.60369
370,Barnsley,Yorkshire and The Humber,94.3,3.4,0.6,93.7,3.1,0.3,98.2,97.1,93.8,4.5,0.7,89.6,5.7,1.3,99.1,96.6,-0.00376393,-0.0063234,0.000155328,0.0157658,0,0,0,0,0,3610,13046,4191,210,0,z,z,0,0,0,0,900,0,8670,2800,0,0,z,z,1873,340,90,0,7.152016,10.163376,30289536.73,-0.0353307,0.0428705,0.176755,0.0162589,0,120,0.108730931,0.038067709,z,z,z,12,144,41,23763,128436,21294,11304,29815,3197,501506528.6,2270301270,177958576.7,289014651.5,724869316.2,29993420.71,21104.51242,17676.51803,8357.216899,25567.4674,24312.23599,9381.739354
371,Doncaster,Yorkshire and The Humber,96.4,2.1,0.1,88,4.5,3.9,98.6,96.4,95.9,2.2,0.1,87,5,3.8,98.2,95.8,0.0224811,0.0129804,0.0584303,0.0520917,0,49,0,0,0,2524,18691,6638,280,0,1,1,0,151,129,0,300,1503,11196,6844,0,450,0.539285714,77,2795,0,420,450,14.339282,19.377732,42781485.66,-0.00289322,0.109773,0.11954,-0.0043603,90,100,0.160840022,0.112708194,z,z,z,12,144,41,23763,128436,21294,11304,29815,3197,501506528.6,2270301270,177958576.7,289014651.5,724869316.2,29993420.71,21104.51242,17676.51803,8357.216899,25567.4674,24312.23599,9381.739354
372,Rotherham,Yorkshire and The Humber,95.3,2.8,0.4,92.7,3.7,0.8,98.4,97.2,96.1,2.5,0.6,90.8,4.3,0.9,99.2,96,-0.00994324,-0.0118351,0.017894,0.00745584,63,55,0,0,0,3475,16808,4590,210,420,1,1,0,194,0,0,0,2980,12010,3449,633,0,1,1,3480,1181,0,150,14.357186,11.934099,31279237.05,-0.0457125,0.0320601,0.107219,0.00206897,0,170,0.184440099,0.088876924,z,z,z,12,144,41,23763,128436,21294,11304,29815,3197,501506528.6,2270301270,177958576.7,289014651.5,724869316.2,29993420.71,21104.51242,17676.51803,8357.216899,25567.4674,24312.23599,9381.739354
373,Sheffield,Yorkshire and The Humber,93,4.1,1.3,87.6,6.2,1.8,98.4,95.7,95.4,3.2,0.5,88.7,6.1,1.7,99.1,96.4,-0.0178256,0.00189872,-0.00803874,0.000856587,0,0,0,0,0,5489,38440,3497,420,420,z,z,0,0,0,0,0,5391,21931,3113,2100,1950,z,z,4252,5479,0,535,7.603285,8.553713,146498403.3,-0.0153461,0.0252693,0.16934,0.110164,390,580,0.094777445,0.044058769,z,z,z,12,144,41,23763,128436,21294,11304,29815,3197,501506528.6,2270301270,177958576.7,289014651.5,724869316.2,29993420.71,21104.51242,17676.51803,8357.216899,25567.4674,24312.23599,9381.739354
380,Bradford,Yorkshire and The Humber,90.8,5.2,1.6,78.8,8.6,3.7,97.6,91.1,90.4,5.5,1.3,79,8.4,3.4,97.2,90.7,-0.0207878,-0.0134663,-0.00306706,-0.00421023,0,0,0,0,0,8185,40591,7191,0,0,z,z,0,60,0,0,0,8904,17079,8474,2761,1400,1,1,7401,4989,0,60,7.57386,8.371402,126251604.4,-0.0483368,0.0103722,0.123772,0.252882,20,280,0.126998979,0.056481101,z,z,z,12,144,41,23763,128436,21294,11304,29815,3197,501506528.6,2270301270,177958576.7,289014651.5,724869316.2,29993420.71,21104.51242,17676.51803,8357.216899,25567.4674,24312.23599,9381.739354
381,Calderdale,Yorkshire and The Humber,95.4,3.1,0.4,88.6,5.5,3.3,98.9,97.4,98.2,1.4,0.1,86.8,6.3,2.6,99.6,95.8,0.0138881,0.0122348,0.03848,0.0267986,35,35,0,0,0,2587,15192,2528,210,0,1,1,0,36,0,0,0,4055,7943,1350,1703,0,1,1,1476,1348,0,125,13.697369,6.169621,40019292.68,-0.039515,0.0330516,0.0422171,0.105263,0,120,0.176526175,0.036457163,z,z,z,12,144,41,23763,128436,21294,11304,29815,3197,501506528.6,2270301270,177958576.7,289014651.5,724869316.2,29993420.71,21104.51242,17676.51803,8357.216899,25567.4674,24312.23599,9381.739354
382,Kirklees,Yorkshire and The Humber,94.1,4.3,0.9,88.6,7.2,1.6,99.3,97.3,93.4,4.9,1,86.6,8,2.1,99.3,96.7,-0.0161181,-0.00780171,-3.83E-05,-0.00314128,0,105,0,0,0,3469,31840,3670,270,420,1,1,77,150,0,0,0,3705,18954,1805,2066,0,1,1,3829,576,0,150,9.812274,5.857046,64263317.32,-0.0408777,0.00582286,0.096344,0.126775,40,110,0.144593551,0.036843312,z,z,z,12,144,41,23763,128436,21294,11304,29815,3197,501506528.6,2270301270,177958576.7,289014651.5,724869316.2,29993420.71,21104.51242,17676.51803,8357.216899,25567.4674,24312.23599,9381.739354
383,Leeds,Yorkshire and The Humber,91.2,5.5,1.6,84.9,7.6,2.4,98.3,95,91.7,5.4,1.2,84.3,7.4,2.6,98.3,94.4,0.00097364,-0.00446729,0.0144506,-0.00705679,89,225,0,0,0,11509,53398,6309,0,420,1,1,69,1058,290,0,2250,11551,33807,4630,0,0,0.795342272,69,13594,10740,695,370,7.162967,12.052676,317282644,-0.0289658,0.0531892,0.279538,0.200243,560,910,0.109619195,0.053264587,z,z,z,12,144,41,23763,128436,21294,11304,29815,3197,501506528.6,2270301270,177958576.7,289014651.5,724869316.2,29993420.71,21104.51242,17676.51803,8357.216899,25567.4674,24312.23599,9381.739354
384,Wakefield,Yorkshire and The Humber,93.4,3.5,0.9,92.5,3.4,0.7,97.9,96.6,93,4.4,0.7,93.3,3.5,0.4,98,97.2,-0.01527,-0.00877942,-0.00429884,-0.00350825,0,0,0,0,0,3800,21885,4960,201,0,z,z,0,0,0,0,0,5800,14005,2203,0,0,z,z,2989,665,0,100,8.715956,12.50423,47146735.7,-0.0372015,0.0225319,0.209928,0.0420142,0,80,0.116682859,0.090035001,z,z,z,12,144,41,23763,128436,21294,11304,29815,3197,501506528.6,2270301270,177958576.7,289014651.5,724869316.2,29993420.71,21104.51242,17676.51803,8357.216899,25567.4674,24312.23599,9381.739354
390,Gateshead,North East,96.7,2.2,0.2,83,9.5,3,99.1,95.5,95.7,3.1,0.3,83.7,9.7,2.5,99.2,96,-0.0136167,0.000825253,0.0215023,0.00873239,0,0,0,0,0,4579,10812,1675,0,0,z,z,0,0,0,0,250,4426,4184,2696,1250,0,z,z,1371,0,0,0,14.227118,6.707793,32910808.05,-0.0268207,0.0470423,0.0749612,-0.00699301,0,430,0.170807452,0.033831381,z,z,z,12,144,41,23763,128436,21294,11304,29815,3197,501506528.6,2270301270,177958576.7,289014651.5,724869316.2,29993420.71,21104.51242,17676.51803,8357.216899,25567.4674,24312.23599,9381.739354
391,Newcastle upon Tyne,North East,93.1,4.4,1.2,77.8,10.3,4,98.6,92.1,91.6,5.8,1.2,77,10.3,3.5,98.5,90.8,-0.0108539,-0.00355792,0.0207429,0.0135759,0,330,0,0,240,6446,16199,927,0,0,1,1,0,90,0,0,2160,3120,4822,7383,0,600,1,1,2219,3118,75,0,8.342832,18.413426,54581277.99,-0.0197262,0.0672593,0.229798,0.150936,30,500,0.100079057,0.05803222,z,z,z,12,144,41,23763,128436,21294,11304,29815,3197,501506528.6,2270301270,177958576.7,289014651.5,724869316.2,29993420.71,21104.51242,17676.51803,8357.216899,25567.4674,24312.23599,9381.739354
392,North Tyneside,North East,94.6,2.8,0.6,90,5.5,0.5,97.9,96,92,3.9,1.4,91.9,3.2,1.1,97.3,96.2,-0.00199253,0.00386052,-0.0181752,-0.00511462,77,60,0,0,0,4192,13264,621,0,0,1,1,0,0,0,0,0,2006,11134,951,0,0,z,z,83,1448,105,0,13.098965,12.648952,10839331.59,-0.017995,-0.00666728,0.114349,0.0351707,0,10,0.139090561,0.1308865,z,z,z,12,144,41,23763,128436,21294,11304,29815,3197,501506528.6,2270301270,177958576.7,289014651.5,724869316.2,29993420.71,21104.51242,17676.51803,8357.216899,25567.4674,24312.23599,9381.739354
393,South Tyneside,North East,92.9,3.5,1.1,90,4.5,0.6,97.4,95.2,97.1,2.5,0.3,91.3,5.3,0.4,100,97.1,0.00401812,0.00136787,0.010716,-0.0117758,0,0,0,0,0,2737,9447,210,420,0,z,z,0,0,0,0,0,1253,5320,3301,0,0,z,z,242,0,0,392,8.810676,9.195868,9621280.78,-0.031632,0.00211964,0.115381,-0.00736411,30,0,0.118658562,0.096127104,z,z,z,12,144,41,23763,128436,21294,11304,29815,3197,501506528.6,2270301270,177958576.7,289014651.5,724869316.2,29993420.71,21104.51242,17676.51803,8357.216899,25567.4674,24312.23599,9381.739354
394,Sunderland,North East,97.2,1.9,0.1,91.8,4,0.7,99.2,96.5,95.4,2.9,0.4,90.3,5.5,0.6,98.7,96.4,-0.0102094,-0.0116678,0.00886126,-0.00271128,210,0,70,0,0,2460,20770,917,0,0,0.75,74,0,0,0,0,0,1290,11466,4080,1250,0,z,z,510,0,70,0,12.389042,14.930409,12238823.73,-0.0500588,0.0187145,0.0539495,-0.0646378,10,40,0.17622566,0.098892268,z,z,z,12,144,41,23763,128436,21294,11304,29815,3197,501506528.6,2270301270,177958576.7,289014651.5,724869316.2,29993420.71,21104.51242,17676.51803,8357.216899,25567.4674,24312.23599,9381.739354
420,Isles of Scilly,South West,z,z,z,z,z,z,z,z,z,z,z,z,z,z,z,z,LOW,LOW,LOW,LOW,z,z,z,z,z,z,z,z,z,z,z,z,z,z,z,z,z,z,z,z,z,z,z,z,z,z,0,0,z,8.070175,914305.98,-0.0855263,-0.0540541,0.0410959,0.0373832,10,0,0.249746646,0.117647051,z,z,z,12,144,41,23763,128436,21294,11304,29815,3197,556617136.1,2519784926,197514464.2,320774503.3,804525285,33289401.01,23423.68961,19618.99254,9275.592383,28377.0792,26983.91028,10412.69972
800,Bath and North East Somerset,South West,96.8,2.2,0.5,88.9,7,1.5,99.4,97.4,94.2,4.1,0.1,91.5,5.8,0.9,98.5,98.1,0.0200309,0.0175561,0.0321881,0.0122061,0,0,0,0,0,2830,9643,974,525,1260,z,z,46,194,0,0,0,951,11233,1645,1156,0,1,1,3474,1369,280,60,20.746837,14.528736,42976963.23,0.0311678,0.0152803,0.123957,0.0347086,30,220,0.174516927,0.14108609,z,z,z,12,144,41,23763,128436,21294,11304,29815,3197,556617136.1,2519784926,197514464.2,320774503.3,804525285,33289401.01,23423.68961,19618.99254,9275.592383,28377.0792,26983.91028,10412.69972
801,"Bristol, City of",South West,92.2,5.8,0.9,77.1,11.4,4.6,98.9,93.1,92,5.9,1,75.6,11.4,4.6,98.9,91.6,-0.00768836,-0.00817245,0.00527175,-0.004432,30,105,0,0,0,9366,24260,4852,627,210,1,1,146,0,0,0,0,3994,14825,1160,900,900,1,1,10339,4207,0,930,14.484466,6.960335,195857943.5,-0.0572926,0.0388617,0.26483,0.387289,0,650,0.19302864,0.031941011,z,z,z,12,144,41,23763,128436,21294,11304,29815,3197,556617136.1,2519784926,197514464.2,320774503.3,804525285,33289401.01,23423.68961,19618.99254,9275.592383,28377.0792,26983.91028,10412.69972
802,North Somerset,South West,96.5,2.7,0.1,94.2,4,0.3,99.3,98.6,94.9,3.1,0.7,95.8,2.9,0.3,98.8,99,-0.0224351,-0.0144312,0.00561392,-0.00240597,0,0,0,0,210,2717,13570,1573,0,420,z,z,0,0,0,0,0,6430,3797,4650,0,0,z,z,3373,1390,0,0,11.939584,9.5651,69963073.35,-0.066699,0.0186863,0.113346,0.109737,0,480,0.177523645,0.061479311,z,z,z,12,144,41,23763,128436,21294,11304,29815,3197,556617136.1,2519784926,197514464.2,320774503.3,804525285,33289401.01,23423.68961,19618.99254,9275.592383,28377.0792,26983.91028,10412.69972
803,South Gloucestershire,South West,89.5,6.6,1.2,88.5,7.3,1.4,97.2,97.3,92.1,4.9,1,86.4,8.1,1.7,98,96.2,0.000251414,0.00729101,0.0265254,0.0100981,0,0,0,0,0,3330,20218,1365,0,420,z,z,0,243,34,0,0,0,15632,3998,0,0,0.877256318,63,2105,0,0,0,10.208519,20.251254,44677060.38,0.0163838,0.0871142,0.15827,-0.100895,90,230,0.073133928,0.113571055,z,z,z,12,144,41,23763,128436,21294,11304,29815,3197,556617136.1,2519784926,197514464.2,320774503.3,804525285,33289401.01,23423.68961,19618.99254,9275.592383,28377.0792,26983.91028,10412.69972
805,Hartlepool,North East,95.8,2.7,0.3,94.9,3.6,0.3,98.8,98.8,99.3,0.4,0.1,89.8,7.8,1.2,99.8,98.7,-0.0247285,-0.0143923,-0.00442478,0.000707965,0,0,0,0,0,1090,7235,830,0,0,z,z,0,0,0,0,0,1460,2601,1750,0,0,z,z,983,386,0,192,15.576188,13.951779,8640607.52,-0.0584849,-0.00849558,0.0290831,-0.0417232,0,0,0.21398143,0.163144139,z,z,z,12,144,41,23763,128436,21294,11304,29815,3197,501506528.6,2270301270,177958576.7,289014651.5,724869316.2,29993420.71,21104.51242,17676.51803,8357.216899,25567.4674,24312.23599,9381.739354
806,Middlesbrough,North East,98.1,1.1,0.3,82.9,9,3.3,99.4,95.1,96.2,2.4,0.6,84.2,8.7,3.6,99.3,96.5,-0.0386812,-0.0176415,-0.00697593,-0.00267411,30,105,0,0,0,932,12304,350,0,0,1,1,0,370,0,0,0,0,7595,1500,0,1050,1,1,950,352,0,60,7.286296,15.948645,17478516.38,-0.050394,0.0288339,0.206999,0.0988885,0,0,0.108955223,0.09479958,z,z,z,12,144,41,23763,128436,21294,11304,29815,3197,501506528.6,2270301270,177958576.7,289014651.5,724869316.2,29993420.71,21104.51242,17676.51803,8357.216899,25567.4674,24312.23599,9381.739354
807,Redcar and Cleveland,North East,98.9,0.5,0,92.5,3.9,0.6,99.5,96.9,98.4,0.5,0,95.9,1.6,0.4,98.9,97.9,-0.00286745,-0.00897234,0.00785758,0.00933088,0,0,0,0,0,2011,10054,658,0,0,z,z,0,0,0,0,0,806,3377,525,0,0,z,z,437,0,0,120,13.6603,13.133446,8068965.39,-0.0727037,0.0187845,0.0358341,-0.108081,0,80,0.212056904,0.128526353,z,z,z,12,144,41,23763,128436,21294,11304,29815,3197,501506528.6,2270301270,177958576.7,289014651.5,724869316.2,29993420.71,21104.51242,17676.51803,8357.216899,25567.4674,24312.23599,9381.739354
808,Stockton-on-Tees,North East,97.4,1.2,0.3,93.5,4.3,0.9,98.9,98.7,98.3,1,0.1,93,4.2,1.1,99.4,98.4,-0.0110973,-0.00664649,-0.00859671,-0.00286557,0,0,0,0,0,3080,15730,1003,0,0,z,z,0,0,0,0,0,4575,8138,0,0,0,z,z,3554,345,0,300,13.233735,10.658843,61591277.46,-0.0542401,0.0131479,0.154573,0.0934476,0,10,0.195629132,0.086253186,z,z,z,12,144,41,23763,128436,21294,11304,29815,3197,501506528.6,2270301270,177958576.7,289014651.5,724869316.2,29993420.71,21104.51242,17676.51803,8357.216899,25567.4674,24312.23599,9381.739354
810,"Kingston upon Hull, City of",Yorkshire and The Humber,94.4,3.2,0.4,88,5.8,1.2,98,95,95.4,2.3,0.5,81.5,8.2,2.9,98.2,92.6,-0.017599,-0.0135542,-0.0116127,-0.00972077,100,210,0,0,0,4550,18580,1715,0,0,1,1,0,0,60,0,0,4600,8400,2010,1550,0,0,82,4799,1475,0,1280,9.431085,3.904934,77998375.47,-0.0417384,0.0228993,0.256352,0.142772,60,80,0.131573802,0.061064205,z,z,z,12,144,41,23763,128436,21294,11304,29815,3197,501506528.6,2270301270,177958576.7,289014651.5,724869316.2,29993420.71,21104.51242,17676.51803,8357.216899,25567.4674,24312.23599,9381.739354
811,East Riding of Yorkshire,Yorkshire and The Humber,95.4,2.7,0.2,96.9,2.1,0.1,98.4,99.1,96.2,2.3,0.6,95.5,2.6,0.2,99,98.3,-0.0188803,-0.00573371,-0.012116,-0.00284414,0,0,0,0,0,3175,21603,3402,0,0,z,z,0,0,0,0,0,4032,15209,4225,0,0,z,z,713,636,51,0,14.325,22.408609,20977102.38,-0.0595487,-0.000739477,0.0507811,-0.0955394,70,100,0.195816526,0.230206582,z,z,z,12,144,41,23763,128436,21294,11304,29815,3197,501506528.6,2270301270,177958576.7,289014651.5,724869316.2,29993420.71,21104.51242,17676.51803,8357.216899,25567.4674,24312.23599,9381.739354
812,North East Lincolnshire,Yorkshire and The Humber,97,2.2,0.1,94,4.5,0.3,99.4,98.7,98.1,1.5,0,89.6,7.3,0.8,99.6,97.7,0.000602047,0.0150512,0.0256832,0.0207442,0,0,0,0,0,1305,13258,180,420,0,z,z,0,0,0,0,0,3087,4900,2100,0,0,z,z,1561,0,15,100,11.429137,10.221077,20408527.76,-0.0230283,0.0664032,0.0959175,-0.0254573,170,270,0.156210255,0.045891684,z,z,z,12,144,41,23763,128436,21294,11304,29815,3197,501506528.6,2270301270,177958576.7,289014651.5,724869316.2,29993420.71,21104.51242,17676.51803,8357.216899,25567.4674,24312.23599,9381.739354
813,North Lincolnshire,Yorkshire and The Humber,97.6,1.6,0.1,91.1,5.4,0.4,99.3,96.9,98,1.5,0,95.3,3.2,0.2,99.5,98.8,-0.00809502,0.00400968,0.00195829,-0.00166455,0,0,0,0,0,2139,10778,1575,0,0,z,z,0,0,0,0,0,0,11018,0,870,0,z,z,915,0,0,195,10.746727,13.946837,13187371.99,-0.0372976,0.027416,0.0696771,0.0397027,0,80,0.150109013,0.123441145,z,z,z,12,144,41,23763,128436,21294,11304,29815,3197,501506528.6,2270301270,177958576.7,289014651.5,724869316.2,29993420.71,21104.51242,17676.51803,8357.216899,25567.4674,24312.23599,9381.739354
815,North Yorkshire,Yorkshire and The Humber,95.6,2.5,0.4,92.6,4.1,0.6,98.5,97.3,95.5,3.2,0.4,91,6,0.8,99.1,97.8,-0.0041125,-0.00361617,0.00746199,0.00544942,0,401,0,49,0,5074,34971,6310,1232,420,0.891111111,68,47,95,0,0,0,12610,23494,3333,1680,0,1,1,2789,0,664,0,18.406983,18.324631,70097347.24,-0.0158355,0.0168127,0.0440469,-0.0448913,160,260,0.202924015,0.169714056,z,z,z,12,144,41,23763,128436,21294,11304,29815,3197,501506528.6,2270301270,177958576.7,289014651.5,724869316.2,29993420.71,21104.51242,17676.51803,8357.216899,25567.4674,24312.23599,9381.739354
816,York,Yorkshire and The Humber,95.5,2.8,0.8,93.2,3.9,0.7,99,97.9,95.3,2.7,0.4,96,2.6,0.3,98.4,98.9,-0.00884214,-0.0122723,0.00225595,-0.000615258,0,0,0,0,0,2936,10510,1728,73,0,z,z,120,0,0,0,0,6147,4530,0,0,0,1,1,1714,1225,0,358,12.822195,7.513371,47923496.27,-0.0621236,-0.00348646,0.0745352,0.112353,10,40,0.193931556,0.080236541,z,z,z,12,144,41,23763,128436,21294,11304,29815,3197,501506528.6,2270301270,177958576.7,289014651.5,724869316.2,29993420.71,21104.51242,17676.51803,8357.216899,25567.4674,24312.23599,9381.739354
821,Luton,East of England,93.9,4.6,0.5,76.9,9.9,4.1,99,90.9,92.5,4.9,1.3,77.9,9.8,5.3,98.6,92.9,-0.0310191,-0.00565198,-0.0102332,0.00220207,0,0,0,0,0,2488,19950,1704,360,0,z,z,0,0,0,0,0,3370,8465,3100,1200,1200,z,z,4934,2972,30,0,8.812646,9.720219,87583146.29,-0.0314197,0.00816062,0.20735,0.277511,0,10,0.125662863,0.070097782,z,z,z,12,144,41,23763,128436,21294,11304,29815,3197,545595014.6,2469888195,193603286.7,314422532.9,788594091.2,32630204.95,22959.85417,19230.49764,9091.917286,27815.15684,26449.57542,10206.50765
822,Bedford,East of England,91.9,4.8,1.8,87.9,8.8,1.7,98.5,98.3,94.3,3.8,0.8,88,7.9,2.2,98.9,98,0.0474559,0.00915489,0.0227194,0.016179,0,180,0,0,0,1337,14304,3245,0,0,1,1,0,0,224,0,0,1732,9987,1980,0,0,0,82,9418,0,210,270,17.827782,12.43057,89224200.84,0.0323224,0.108692,0.294606,0.268697,270,1000,0.162974804,0.058664524,z,z,z,12,144,41,23763,128436,21294,11304,29815,3197,545595014.6,2469888195,193603286.7,314422532.9,788594091.2,32630204.95,22959.85417,19230.49764,9091.917286,27815.15684,26449.57542,10206.50765
823,Central Bedfordshire,East of England,93.5,3.6,0.8,98.2,1,0.1,97.8,99.3,92.8,3.8,0.8,97.1,1.2,0,97.3,98.3,-0.0103973,0.00753711,0.0501347,0.0207432,0,447,120,45,0,4674,20372,2520,593,360,0.730392157,75,0,493,120,0,0,706,15979,2680,450,900,0.804241436,68,7798,973,510,1470,17.639485,13.279734,106239959.4,0.0599103,0.117315,0.302588,0.116968,270,180,0.096784796,0.122497575,z,z,z,12,144,41,23763,128436,21294,11304,29815,3197,545595014.6,2469888195,193603286.7,314422532.9,788594091.2,32630204.95,22959.85417,19230.49764,9091.917286,27815.15684,26449.57542,10206.50765
825,Buckinghamshire,South East,90.6,6,1.4,77.3,10.9,4.1,97.9,92.3,90.3,5.9,1.9,78,10.4,4.4,98.1,92.8,-0.0173856,-0.0094892,-0.00971939,-0.00700771,0,34,0,0,420,6976,35358,2776,914,210,1,1,84,503,31,0,0,14687,19708,3159,3056,0,0.949838188,59,4930,7407,0,1127,8.153345,6.38278,120632713.7,-0.0236893,0.010603,0.163192,0.180866,230,450,0.097761651,0.067020951,z,z,z,12,144,41,23763,128436,21294,11304,29815,3197,622749865.2,2819165313,220981529.3,358886325.4,900112447.6,37244577.37,26206.70223,21949.96195,10377.64296,31748.61336,30189.91942,11649.85216
826,Milton Keynes,South East,94.5,4.1,0.6,79.7,7.2,3.7,99.2,90.6,94.3,4,0.7,78.6,9.1,3.2,98.9,90.8,-0.0190698,-0.0103279,0.00986752,0.00463392,216,0,0,0,0,8586,19666,682,0,330,1,1,0,0,0,0,0,0,18112,0,984,2550,z,z,7366,5831,1260,900,14.280585,12.780544,183640726.3,-0.0258935,0.0693998,0.3006,0.3245,90,0,0.198967753,0.067355149,z,z,z,12,144,41,23763,128436,21294,11304,29815,3197,622749865.2,2819165313,220981529.3,358886325.4,900112447.6,37244577.37,26206.70223,21949.96195,10377.64296,31748.61336,30189.91942,11649.85216
830,Derbyshire,East Midlands,95.9,3,0.5,93.1,4.9,0.5,99.4,98.5,95.1,3.4,0.8,94.6,3.5,0.5,99.3,98.6,-0.00478898,-0.0047373,-0.0113803,-0.00760308,30,112,0,0,210,4330,50085,9059,233,630,1,1,0,50,0,0,0,2972,25111,13578,3056,0,1,1,4271,0,484,125,12.976961,9.920123,67015558.29,-0.0264772,-0.00806609,0.0603902,-0.0412598,480,100,0.159663592,0.087602989,z,z,z,12,144,41,23763,128436,21294,11304,29815,3197,567639257.6,2569681657,201425641.7,327126473.6,820456478.8,33948597.07,23887.52504,20007.48744,9459.26748,28939.00156,27518.24514,10618.8918
831,Derby,East Midlands,92,4.9,1,84.5,7.8,2.5,97.9,94.8,92.9,5.1,1,81.6,9.2,3.5,99,94.3,-0.013487,-0.0164746,-0.0120857,-0.000469346,0,0,0,0,210,2539,17678,2870,0,210,z,z,0,0,0,0,0,3027,8143,5022,2460,1260,z,z,3815,4192,0,0,10.378387,14.847669,57204832.84,-0.035382,0.035905,0.201662,0.176085,110,0,0.134694437,0.076063659,z,z,z,12,144,41,23763,128436,21294,11304,29815,3197,567639257.6,2569681657,201425641.7,327126473.6,820456478.8,33948597.07,23887.52504,20007.48744,9459.26748,28939.00156,27518.24514,10618.8918
838,Dorset,South West,94.6,3.6,0.6,95.9,1.5,0.1,98.8,97.5,95.7,2.9,0.3,94.9,2.4,0.1,98.9,97.4,-0.00522401,-0.00167168,-0.00688863,-5.22E-05,0,0,0,0,0,3375,18888,4776,555,0,z,z,68,0,0,0,0,3719,16760,1813,1151,0,1,1,z,z,0,120,15.871004,13.567052,34324643.02,-0.0381561,-0.0081933,z,z,120,60,0.184013108,0.15353393,z,z,z,12,144,41,23763,128436,21294,11304,29815,3197,556617136.1,2519784926,197514464.2,320774503.3,804525285,33289401.01,23423.68961,19618.99254,9275.592383,28377.0792,26983.91028,10412.69972
839,"Bournemouth, Christchurch and Poole",South West,94.4,4.2,0.6,79.1,8.7,3.6,99.1,91.4,93.6,4.7,0.8,81.2,9.1,3.2,99.1,93.5,-0.018251,-0.00515709,-0.000441133,0.00147044,0,0,0,0,420,4513,24391,1169,0,420,z,z,0,79,0,0,750,8353,15687,1399,889,0,1,1,z,z,0,56,9.636215,16.080385,45177107.13,-0.0516441,0.0404862,z,z,30,0,0.152644691,0.087228891,z,z,z,12,144,41,23763,128436,21294,11304,29815,3197,556617136.1,2519784926,197514464.2,320774503.3,804525285,33289401.01,23423.68961,19618.99254,9275.592383,28377.0792,26983.91028,10412.69972
840,County Durham,North East,96.9,2.3,0.2,90.3,4.4,0.6,99.4,95.3,95.1,2.7,0.4,91.9,5.2,0.6,98.2,97.6,0.00657738,-0.0022013,0.0365708,0.0177268,0,200,0,0,0,5358,36189,3641,193,0,1,1,0,0,0,0,0,7311,16387,7618,1315,0,z,z,3473,0,711,0,17.676495,18.617954,32089545.94,-0.0354064,0.0478921,0.0537421,0.00400075,60,170,0.228656197,0.117645579,z,z,z,12,144,41,23763,128436,21294,11304,29815,3197,501506528.6,2270301270,177958576.7,289014651.5,724869316.2,29993420.71,21104.51242,17676.51803,8357.216899,25567.4674,24312.23599,9381.739354
841,Darlington,North East,92.5,3.7,0.9,93.1,4.6,0.8,97,98.5,97,2,0.2,88.7,5.9,2.2,99.2,96.8,-0.03316,-0.013056,-0.00535975,-0.0103947,0,0,0,0,0,1005,7104,1575,0,0,z,z,64,0,0,0,0,1953,3318,700,900,0,1,1,840,866,0,0,11.040773,9.042335,14377754.59,-0.0680531,0.00438525,0.0752889,0.0830255,0,0,0.167079719,0.066207559,z,z,z,12,144,41,23763,128436,21294,11304,29815,3197,501506528.6,2270301270,177958576.7,289014651.5,724869316.2,29993420.71,21104.51242,17676.51803,8357.216899,25567.4674,24312.23599,9381.739354
845,East Sussex,South East,91.3,5.4,0.7,88.7,6.8,1.6,97.5,97.1,93.1,4.7,0.8,88.8,6.4,1.5,98.5,96.7,-0.0116606,-0.0104036,0.000682077,-0.00071997,30,0,0,0,0,4085,31377,2775,1430,0,1,1,0,30,50,0,0,1400,22689,4450,750,0,0.375,80,1997,1458,44,440,8.496552,10.800101,99201060.34,-0.0480597,0.0242895,0.0906254,0.0193518,30,80,0.135878013,0.076857754,z,z,z,12,144,41,23763,128436,21294,11304,29815,3197,622749865.2,2819165313,220981529.3,358886325.4,900112447.6,37244577.37,26206.70223,21949.96195,10377.64296,31748.61336,30189.91942,11649.85216
846,Brighton and Hove,South East,94.3,4.3,0.8,84.5,9.9,2.4,99.4,96.8,94.7,4.4,0.6,82.5,10.9,2.6,99.7,95.9,0.00362611,-0.00460458,0.0170272,0.00764991,0,0,0,0,0,2422,16410,1499,0,0,z,z,0,0,0,0,0,0,13735,0,1150,0,z,z,2586,2263,0,0,15.902668,14.692644,62215954,-0.0562335,-0.00797894,0.0455558,0.0648156,0,70,0.214590218,0.143720094,z,z,z,12,144,41,23763,128436,21294,11304,29815,3197,622749865.2,2819165313,220981529.3,358886325.4,900112447.6,37244577.37,26206.70223,21949.96195,10377.64296,31748.61336,30189.91942,11649.85216
850,Hampshire,South East,93.6,4.2,0.9,92.1,5.1,0.8,98.6,98,93,4.8,1,90,5.9,1.4,98.8,97.3,-0.0115404,-0.00269654,-0.0121353,-0.00480387,0,540,0,0,0,23508,82508,6576,259,1155,1,1,0,555,51,0,1050,7122,63480,6495,946,0,0.915841584,62,12464,2322,0,90,8.81335,10.857701,272060853.7,-0.0112387,0.00878381,0.129208,0.0450055,880,1310,0.101952087,0.08461875,z,z,z,12,144,41,23763,128436,21294,11304,29815,3197,622749865.2,2819165313,220981529.3,358886325.4,900112447.6,37244577.37,26206.70223,21949.96195,10377.64296,31748.61336,30189.91942,11649.85216
851,Portsmouth,South East,94.3,4.3,0.2,86,8.5,0.7,98.8,95.2,94.5,4.4,0.4,87.4,8.5,1.2,99.4,97,-0.0176019,-0.00780226,-0.0117762,0.00428224,0,120,0,0,0,540,14770,1140,0,0,1,1,0,0,0,0,0,1640,8960,900,0,0,z,z,1517,1730,0,30,8.507242,11.677741,41163140.06,-0.0410711,0.0455474,0.194973,0.129369,10,130,0.120309367,0.055298308,z,z,z,12,144,41,23763,128436,21294,11304,29815,3197,622749865.2,2819165313,220981529.3,358886325.4,900112447.6,37244577.37,26206.70223,21949.96195,10377.64296,31748.61336,30189.91942,11649.85216
852,Southampton,South East,90.5,5.8,1.2,82.1,7.9,2.7,97.5,92.7,89.8,6.6,1,84.8,7.6,2.4,97.4,94.8,-0.0325608,-0.0112809,0.00267569,-0.00424963,0,0,0,0,0,3234,15829,2658,0,0,z,z,0,0,0,0,0,1200,7084,2961,0,0,z,z,5247,976,0,900,12.07265,7.352053,73110412.06,-0.0524562,0.0225073,0.245338,0.239828,0,60,0.150156365,0.064400661,z,z,z,12,144,41,23763,128436,21294,11304,29815,3197,622749865.2,2819165313,220981529.3,358886325.4,900112447.6,37244577.37,26206.70223,21949.96195,10377.64296,31748.61336,30189.91942,11649.85216
855,Leicestershire,East Midlands,93,4,0.9,84.8,6.5,1.6,97.9,92.9,94.3,3.7,1,90.7,5.7,1.4,99,97.8,0.0153103,-0.00149458,0.0356393,0.0105223,0,0,0,0,210,8042,47228,5317,0,420,z,z,0,0,0,0,0,5611,29713,5667,6453,0,z,z,8484,0,1838,1353,10.942274,10.513447,162923817.2,0.035396,0.0683192,0.135686,0.0837445,590,1260,0.110712983,0.072053917,z,z,z,12,144,41,23763,128436,21294,11304,29815,3197,567639257.6,2569681657,201425641.7,327126473.6,820456478.8,33948597.07,23887.52504,20007.48744,9459.26748,28939.00156,27518.24514,10618.8918
856,Leicester,East Midlands,96.3,2.5,0.4,84.4,7.8,1.8,99.2,93.9,95.3,2.6,0.4,85.3,9.3,1.7,98.3,96.4,-0.017072,-0.0162533,4.54E-05,0.000952943,0,79,0,0,0,4625,25093,4314,0,420,1,1,0,63,0,0,1200,5936,11045,2990,0,2100,1,1,6720,4798,0,330,4.538924,12.334664,175906103.4,-0.06098,0.0252303,0.285492,0.307291,0,40,0.107707823,0.065449389,z,z,z,12,144,41,23763,128436,21294,11304,29815,3197,567639257.6,2569681657,201425641.7,327126473.6,820456478.8,33948597.07,23887.52504,20007.48744,9459.26748,28939.00156,27518.24514,10618.8918
857,Rutland,East Midlands,95.5,4.5,0,96.7,2.7,0,100,99.4,98.4,1,0,98,1.1,0.3,99.3,99.4,0.0318215,0.0160936,0.000339328,-0.000339328,0,0,0,0,0,511,2791,0,0,0,z,z,30,150,0,0,0,1050,1815,0,0,0,1,1,75,294,0,150,16.596002,7.356322,7730797.29,-0.00877835,0.0498812,0.100201,0.239798,0,0,0.179285281,0.031611894,z,z,z,12,144,41,23763,128436,21294,11304,29815,3197,567639257.6,2569681657,201425641.7,327126473.6,820456478.8,33948597.07,23887.52504,20007.48744,9459.26748,28939.00156,27518.24514,10618.8918
860,Staffordshire,West Midlands,94.7,3.1,0.7,93.5,4,0.9,98.5,98.4,95.3,3.4,0.4,91.4,5.4,1,99,97.9,-0.00580282,-0.0124949,0.0137847,0.0070188,40,303,0,0,210,8734,57398,6440,0,840,1,1,0,525,0,0,0,1800,44973,11419,665,1550,1,1,8282,4659,1510,275,12.599482,16.045396,123430825,-0.00542602,0.030457,0.106373,0.000822698,250,430,0.146509701,0.128874219,z,z,z,12,144,41,23763,128436,21294,11304,29815,3197,529061832.3,2395043098,187736520.4,304894577.4,764697300.6,31641410.86,22264.10101,18647.75529,8816.404641,26972.2733,25648.07314,9897.219538
861,Stoke-on-Trent,West Midlands,94.7,3.2,0.2,88.2,6.6,2,98.1,96.9,95.1,2.4,0.5,89.2,6.5,1.4,98,97.1,-0.00284591,-0.0165334,0.0123749,0.00243441,0,0,0,0,0,4065,15211,4580,420,0,z,z,0,450,0,0,0,1115,12089,2250,0,0,1,1,4347,111,0,120,8.193277,6.960513,37323538.57,-0.035461,0.0334055,0.191314,0.164868,0,170,0.120448179,0.010063188,z,z,z,12,144,41,23763,128436,21294,11304,29815,3197,529061832.3,2395043098,187736520.4,304894577.4,764697300.6,31641410.86,22264.10101,18647.75529,8816.404641,26972.2733,25648.07314,9897.219538
865,Wiltshire,South West,95,3.4,0.6,95.4,2.9,0.3,98.9,98.7,95.7,3.1,0.5,95.1,3.1,0.3,99.3,98.5,0.0389028,0.0220405,0.0188228,0.0114655,0,0,30,0,0,4565,32825,6760,1064,945,0,77,35,70,213,0,0,5999,24848,5629,0,0,0.330188679,81,5860,3585,364,230,18.1175,17.970321,73586019.36,0.00966594,0.0588213,0.111249,0.0495865,0,300,0.18722666,0.136832229,z,z,z,12,144,41,23763,128436,21294,11304,29815,3197,556617136.1,2519784926,197514464.2,320774503.3,804525285,33289401.01,23423.68961,19618.99254,9275.592383,28377.0792,26983.91028,10412.69972
866,Swindon,South West,97.3,2,0.1,86.9,7.2,2.3,99.4,96.3,95.5,3.2,0.3,88.4,6.8,1.8,99.1,97,-0.00868974,-0.0120394,-0.0243189,0.00053871,0,0,0,0,420,2440,16419,2365,210,840,z,z,0,250,0,0,0,0,10418,2788,0,2680,1,1,5160,4727,390,150,12.318074,23.481514,26435898.45,-0.0384485,0.0304756,0.25443,0.161215,0,10,0.156035621,0.146597572,z,z,z,12,144,41,23763,128436,21294,11304,29815,3197,556617136.1,2519784926,197514464.2,320774503.3,804525285,33289401.01,23423.68961,19618.99254,9275.592383,28377.0792,26983.91028,10412.69972
867,Bracknell Forest,South East,91.3,5.4,1.6,83,8.6,3.2,98.4,94.9,92.7,5.5,1,83.8,8.6,2.6,99.2,95,-0.0383065,-0.0291331,-0.011651,-0.013214,0,69,0,0,0,1049,9362,420,0,630,1,1,0,0,0,0,0,2592,5689,0,0,1365,z,z,1750,2572,280,0,12.50225,19.948341,52785927.44,-0.0878024,0.0260017,0.194317,0.272234,0,30,0.227901023,0.107026851,z,z,z,12,144,41,23763,128436,21294,11304,29815,3197,622749865.2,2819165313,220981529.3,358886325.4,900112447.6,37244577.37,26206.70223,21949.96195,10377.64296,31748.61336,30189.91942,11649.85216
868,Windsor and Maidenhead,South East,83.8,8.2,2.6,80.6,9.3,1.9,94.6,91.8,85,8.2,3.1,76.3,9.4,4.3,96.3,89.9,-0.00489396,0.00706906,-0.0114712,0.00245016,0,0,0,0,0,3779,7960,420,360,0,z,z,0,0,0,0,0,4430,7943,0,0,0,z,z,2480,2530,0,66,11.525661,14.643016,33004042.27,-0.0316295,0.0122508,0.241868,0.162782,0,0,0.146872309,0.132012526,z,z,z,12,144,41,23763,128436,21294,11304,29815,3197,622749865.2,2819165313,220981529.3,358886325.4,900112447.6,37244577.37,26206.70223,21949.96195,10377.64296,31748.61336,30189.91942,11649.85216
869,West Berkshire,South East,93.8,4.1,0.9,88.2,8.5,1.1,98.8,97.7,94.1,4,0.6,88.3,7.9,1.1,98.8,97.3,0.0149888,-0.00672178,0.0205188,0.00967867,0,32,0,0,210,1195,12158,609,0,0,1,1,0,69,0,0,0,5185,7175,0,1267,0,1,1,1372,930,0,60,9.324915,9.623248,39546197.15,-0.034227,0.0262292,0.0875557,0.0536406,20,10,0.12890453,0.07006395,z,z,z,12,144,41,23763,128436,21294,11304,29815,3197,622749865.2,2819165313,220981529.3,358886325.4,900112447.6,37244577.37,26206.70223,21949.96195,10377.64296,31748.61336,30189.91942,11649.85216
870,Reading,South East,89,6.6,1.9,68.8,16.4,5.4,97.5,90.6,91.4,5.6,1,74.2,13.4,5.3,98,92.8,-0.0302962,-0.00940228,0.019695,-0.021601,0,0,0,0,0,2000,11970,420,0,420,z,z,0,0,0,0,0,2703,5385,2800,0,0,z,z,3881,3452,0,0,12.02889,16.274798,64466777.3,-0.0146258,0.0110546,0.349003,0.533515,0,260,0.126075447,0.15079188,z,z,z,12,144,41,23763,128436,21294,11304,29815,3197,622749865.2,2819165313,220981529.3,358886325.4,900112447.6,37244577.37,26206.70223,21949.96195,10377.64296,31748.61336,30189.91942,11649.85216
871,Slough,South East,89.9,6.9,1.1,64.4,13.8,5.1,97.8,83.3,89.8,6.8,1.4,64.5,14,5.6,98,84.1,-0.0300414,-0.0105535,0.00737021,0.00680327,0,30,0,0,0,3150,14016,0,840,0,1,1,90,0,0,0,0,7746,5613,905,2240,0,1,1,5287,6990,0,0,5.443126,12.986119,82225167.24,-0.0440727,0.0252693,0.446652,0.514226,10,0,0.116445208,0.063273682,z,z,z,12,144,41,23763,128436,21294,11304,29815,3197,622749865.2,2819165313,220981529.3,358886325.4,900112447.6,37244577.37,26206.70223,21949.96195,10377.64296,31748.61336,30189.91942,11649.85216
872,Wokingham,South East,92.3,5.9,0.8,76.2,11.3,4.4,99.1,91.9,88.9,6.7,1.8,75.9,11.8,4.4,97.4,92.1,-0.035457,-0.00297055,-0.0170629,-0.0027972,0,236,0,0,0,3241,11803,945,0,420,1,1,0,172,0,0,0,3235,9321,560,0,0,1,1,3583,3220,480,385,7.748443,8.808712,65293252.29,-0.0113134,0.0697436,0.33137,0.266982,50,400,0.105378208,0.037167846,z,z,z,12,144,41,23763,128436,21294,11304,29815,3197,622749865.2,2819165313,220981529.3,358886325.4,900112447.6,37244577.37,26206.70223,21949.96195,10377.64296,31748.61336,30189.91942,11649.85216
873,Cambridgeshire,East of England,95,3.1,0.6,89.7,5.5,2,98.8,97.1,94.8,3.5,0.5,86.5,6.8,1.9,98.8,95.3,0.00117557,-0.00284096,0.0171111,-0.00209036,0,438,0,0,0,4144,48032,6331,1200,1260,1,1,0,0,0,0,0,8991,21924,8154,600,600,z,z,15258,5377,2301,1350,19.611059,15.282734,183212322.2,0.0136366,0.0627109,0.186678,0.123876,160,590,0.217567309,0.107238566,z,z,z,12,144,41,23763,128436,21294,11304,29815,3197,545595014.6,2469888195,193603286.7,314422532.9,788594091.2,32630204.95,22959.85417,19230.49764,9091.917286,27815.15684,26449.57542,10206.50765
874,Peterborough,East of England,94.4,4.4,0.2,83.7,11,2.3,99,97,95.1,3.3,0.4,84.4,9.6,2.5,98.7,96.6,-0.0205958,-0.00905664,0.00643321,-0.00072954,32,0,0,0,0,1740,16681,3780,0,420,1,1,0,0,0,0,0,2810,14979,1420,0,0,z,z,5882,5400,510,450,10.692151,10.20001,65875369.92,-0.011769,0.0485476,0.396507,0.357278,150,60,0.122919492,0.045328452,z,z,z,12,144,41,23763,128436,21294,11304,29815,3197,545595014.6,2469888195,193603286.7,314422532.9,788594091.2,32630204.95,22959.85417,19230.49764,9091.917286,27815.15684,26449.57542,10206.50765
876,Halton,North West,92.4,5.3,0.9,89.5,6.2,0.9,98.6,96.6,95.7,3.4,0.7,89.9,6.2,0.8,99.8,97,0.000861491,-0.00306308,0.00249311,-0.00301798,0,0,0,0,0,1687,8484,1282,0,0,z,z,0,0,0,0,0,2576,3775,0,2150,0,z,z,568,2166,0,0,13.500384,17.039814,6753686.82,-0.0520724,0.0131216,0.0787898,0.0586193,0,0,0.185139471,0.166055277,z,z,z,12,144,41,23763,128436,21294,11304,29815,3197,551106075.4,2494836561,195558875.4,317598518.1,796559688.1,32959802.98,23191.77189,19424.74509,9183.754835,28096.11802,26716.74285,10309.60369
877,Warrington,North West,93.9,3.7,0.4,88.7,7.3,1.3,98,97.4,93.2,4.6,1.2,87.1,7,2.3,99,96.3,-0.0263276,-0.00491895,-0.0210502,-0.00754489,0,0,0,0,0,4669,13937,415,0,0,z,z,0,59,0,0,0,2362,11914,0,0,0,1,1,525,0,0,300,6.71889,10.560159,39820149.17,-0.0365567,0.0329712,0.104594,0.0953719,220,210,0.105552311,0.070244646,z,z,z,12,144,41,23763,128436,21294,11304,29815,3197,551106075.4,2494836561,195558875.4,317598518.1,796559688.1,32959802.98,23191.77189,19424.74509,9183.754835,28096.11802,26716.74285,10309.60369
878,Devon,South West,97.1,2.1,0.1,92.5,4.2,0.8,99.2,97.5,96.7,1.5,0.3,90.9,4.5,1,98.6,96.4,0.0243236,0.000506366,0.0382935,0.0137325,0,0,0,0,150,8780,47399,6985,364,990,z,z,0,0,0,0,0,6293,25916,13481,2677,0,z,z,10175,6115,280,105,15.638121,20.416055,108227659.1,-0.0178313,0.04326,0.110183,-0.0238688,470,420,0.183057423,0.165857058,z,z,z,12,144,41,23763,128436,21294,11304,29815,3197,556617136.1,2519784926,197514464.2,320774503.3,804525285,33289401.01,23423.68961,19618.99254,9275.592383,28377.0792,26983.91028,10412.69972
879,Plymouth,South West,95.4,3.2,0.4,88,6.6,1.7,99,96.3,92.1,4.7,1,91.4,5,0.8,97.8,97.1,-0.0250025,-0.0108378,-0.0119885,0.000267899,0,30,0,0,0,3874,15583,2985,1110,0,1,1,0,0,0,0,0,1160,11581,5468,1250,0,z,z,4651,2140,0,0,15.405818,18.220722,30165664.96,-0.0589777,0.0152033,0.118075,0.0301504,0,0,0.22223148,0.136855877,z,z,z,12,144,41,23763,128436,21294,11304,29815,3197,556617136.1,2519784926,197514464.2,320774503.3,804525285,33289401.01,23423.68961,19618.99254,9275.592383,28377.0792,26983.91028,10412.69972
880,Torbay,South West,95.9,2.8,0.5,80.5,10.5,2.5,99.2,93.4,97,2.4,0,79.7,10.1,3.1,99.5,92.9,-0.0229247,-0.0216686,-0.00137208,-0.00336784,0,0,0,0,210,630,8120,1050,630,0,z,z,0,0,0,0,0,1850,6316,1800,0,0,z,z,962,15,0,129,9.924812,10.836845,28288811.99,-0.0926411,0.00299364,0.0874217,0.100783,10,0,0.178876442,0.08495298,z,z,z,12,144,41,23763,128436,21294,11304,29815,3197,556617136.1,2519784926,197514464.2,320774503.3,804525285,33289401.01,23423.68961,19618.99254,9275.592383,28377.0792,26983.91028,10412.69972
881,Essex,East of England,89.6,6.4,1.6,86.9,7.2,2.2,97.6,96.2,90.8,5.5,1.7,84.2,8.5,2.4,98.1,95.1,0.00272596,-0.00289319,0.0134324,0.00721617,0,469,60,0,420,18720,98914,5849,1630,1260,0.88657845,70,110,348,0,300,900,16245,61806,12033,7838,3800,0.604221636,73,14559,10264,2500,720,8.815909,12.13558,310249005.3,2.84E-04,0.0460438,0.177077,0.0577367,950,570,0.102384022,0.06160168,z,z,z,12,144,41,23763,128436,21294,11304,29815,3197,545595014.6,2469888195,193603286.7,314422532.9,788594091.2,32630204.95,22959.85417,19230.49764,9091.917286,27815.15684,26449.57542,10206.50765
882,Southend-on-Sea,East of England,88.6,6,1.4,85.3,8.7,2.6,96.1,96.6,93,4.8,0.9,84.4,8.6,3.7,98.7,96.6,-0.0277536,-0.0122008,0.00506813,0.00905616,0,0,0,0,0,1831,13544,540,0,0,z,z,164,349,0,0,0,5924,6606,0,980,0,1,1,2706,2307,0,0,8.460361,7.68537,40687197.86,-0.0399544,0.023679,0.170144,0.120357,0,60,0.123293541,0.031071308,z,z,z,12,144,41,23763,128436,21294,11304,29815,3197,545595014.6,2469888195,193603286.7,314422532.9,788594091.2,32630204.95,22959.85417,19230.49764,9091.917286,27815.15684,26449.57542,10206.50765
883,Thurrock,East of England,87.7,6.7,1.2,76.8,10.8,3.3,95.7,90.9,91.5,5.1,1.3,73.5,11.7,3.5,97.9,88.8,0.0334077,0.0294606,0.0280664,0.0296652,0,180,0,0,0,2550,14760,84,0,0,1,1,0,289,0,150,0,1360,6000,2060,3110,2100,0.658314351,72,4323,6356,150,0,6.395411,22.529697,57055784.77,0.0227676,0.0533795,0.340876,0.268334,150,0,0.057050694,0.128125342,z,z,z,12,144,41,23763,128436,21294,11304,29815,3197,545595014.6,2469888195,193603286.7,314422532.9,788594091.2,32630204.95,22959.85417,19230.49764,9091.917286,27815.15684,26449.57542,10206.50765
884,"Herefordshire, County of",West Midlands,95.1,3.1,0.5,89.5,6.2,0.9,98.7,96.5,96.6,2.3,0.4,90.7,6.6,0.6,99.3,97.8,0.0031648,0.00926833,0.0160121,0.00497674,0,0,0,0,0,3485,11061,280,0,0,z,z,150,0,150,0,0,1200,5574,2880,945,0,0.5,79,87,0,0,0,12.264409,14.042054,22866653.63,0.0135634,0.0358109,0.0898415,-0.0097493,120,120,0.098472627,0.095893934,z,z,z,12,144,41,23763,128436,21294,11304,29815,3197,529061832.3,2395043098,187736520.4,304894577.4,764697300.6,31641410.86,22264.10101,18647.75529,8816.404641,26972.2733,25648.07314,9897.219538
885,Worcestershire,West Midlands,91.5,5,1.1,84.7,6.2,1.3,97.7,92.3,93.8,3.9,0.6,84.3,6.7,1.5,98.3,92.5,0.0209017,0.0100748,0.0215495,0.00276693,0,309,0,90,0,6900,33368,3716,1076,420,0.77443609,73,92,515,30,0,0,7683,27534,2546,510,0,0.952904239,58,5683,4215,0,0,13.119068,14.316054,89247858.83,0.00540208,0.0416341,0.113192,0.0206997,210,180,0.119940446,0.114598449,z,z,z,12,144,41,23763,128436,21294,11304,29815,3197,529061832.3,2395043098,187736520.4,304894577.4,764697300.6,31641410.86,22264.10101,18647.75529,8816.404641,26972.2733,25648.07314,9897.219538
886,Kent,South East,90.2,6.1,1.5,79.6,11.4,3.3,97.8,94.3,90.1,6.5,1.8,78.2,12,3.8,98.4,94,-0.0158384,-0.00348071,-0.00325389,0.00477745,0,105,0,0,210,23895,102390,7829,245,1890,1,1,1346,1488,416,0,0,25739,71555,12042,3676,3910,0.872,64,21890,17950,672,1085,9.180748,11.168691,416744826.7,-0.0033094,0.0425618,0.210272,0.115576,1980,1460,0.099758222,0.064951033,z,z,z,12,144,41,23763,128436,21294,11304,29815,3197,622749865.2,2819165313,220981529.3,358886325.4,900112447.6,37244577.37,26206.70223,21949.96195,10377.64296,31748.61336,30189.91942,11649.85216
887,Medway,South East,91.8,4.8,1,79.7,10.8,2.7,97.7,93.1,93.2,4.3,1.4,81.2,10.5,3.1,99,94.9,-0.00916241,0.000471884,0.00115888,0.00320071,0,60,0,0,0,2215,21225,2020,730,0,1,1,0,0,0,0,900,3619,18737,0,600,0,z,z,2799,2655,320,690,7.374114,12.606997,62562815.25,-0.00983091,0.0591027,0.219138,0.11727,200,310,0.086484351,0.077370462,z,z,z,12,144,41,23763,128436,21294,11304,29815,3197,622749865.2,2819165313,220981529.3,358886325.4,900112447.6,37244577.37,26206.70223,21949.96195,10377.64296,31748.61336,30189.91942,11649.85216
888,Lancashire,North West,92.5,4.9,1.2,86.1,7.3,2.5,98.6,95.9,92.4,5.4,1.2,87.2,7.1,2.2,98.9,96.6,-0.00584909,-0.00412515,0.00238719,0.00122976,0,170,0,0,0,19069,80055,5045,210,0,1,1,79,591,50,0,0,14453,39909,15091,1302,0,0.930555556,61,5169,429,210,343,8.038925,10.294956,189383070.2,-0.0139147,0.0229459,0.12139,0.0647944,1110,610,0.106388506,0.07110962,z,z,z,12,144,41,23763,128436,21294,11304,29815,3197,551106075.4,2494836561,195558875.4,317598518.1,796559688.1,32959802.98,23191.77189,19424.74509,9183.754835,28096.11802,26716.74285,10309.60369
889,Blackburn with Darwen,North West,91.3,6,1.3,78.9,12,4.4,98.6,95.3,91.6,5.4,1.6,76.9,13.1,4.3,98.6,94.4,-0.0125307,-0.00311609,0.00477853,0.00689212,0,112,0,0,0,2520,13603,210,0,0,1,1,0,165,0,0,0,2950,7515,2100,0,0,1,1,1957,2728,140,90,9.816063,9.807956,20988450.31,-0.0314261,0.0238927,0.0973445,0.212749,0,10,0.140958541,0.062414382,z,z,z,12,144,41,23763,128436,21294,11304,29815,3197,551106075.4,2494836561,195558875.4,317598518.1,796559688.1,32959802.98,23191.77189,19424.74509,9183.754835,28096.11802,26716.74285,10309.60369
890,Blackpool,North West,92.5,4.2,0.7,89.5,6.1,1.3,97.3,97,94.7,3.9,0.9,84.2,9.2,2,99.5,95.4,-0.0130915,-0.00530504,-0.00897191,-0.00485365,0,0,0,0,0,1050,10741,880,0,420,z,z,0,0,0,0,0,0,3230,4152,0,800,z,z,1043,315,0,0,9.786956,18.643316,24044268.37,-0.0296055,0.0241212,0.0852447,-0.128333,0,0,0.133679627,0.129996103,z,z,z,12,144,41,23763,128436,21294,11304,29815,3197,551106075.4,2494836561,195558875.4,317598518.1,796559688.1,32959802.98,23191.77189,19424.74509,9183.754835,28096.11802,26716.74285,10309.60369
891,Nottinghamshire,East Midlands,96.6,2.4,0.5,89,5.9,1.2,99.6,96.1,96.4,2.8,0.4,89.6,5.9,1.3,99.5,96.7,-0.00173328,-0.00251027,0.0184278,0.0132084,0,359,90,0,0,7562,57408,5685,420,525,0.799554566,72,159,362,0,0,0,14709,34516,5952,2296,0,1,1,10132,57,1225,1495,9.228902,11.113393,141981522.5,-0.0129847,0.0688965,0.170468,0.0694188,650,1360,0.126377736,0.056233268,z,z,z,12,144,41,23763,128436,21294,11304,29815,3197,567639257.6,2569681657,201425641.7,327126473.6,820456478.8,33948597.07,23887.52504,20007.48744,9459.26748,28939.00156,27518.24514,10618.8918
892,Nottingham,East Midlands,92.7,4.9,0.9,75.6,9.6,4,98.5,89.2,94.6,3.6,0.4,77.8,9.9,3.9,98.6,91.7,-0.0134137,0.00410701,-0.00612996,-0.00356121,0,0,0,0,0,2940,22833,1890,210,0,z,z,0,300,0,0,1200,2250,8966,4760,0,0,1,1,4761,4553,0,50,6.651598,14.947649,59608319.36,-0.0363602,0.0519003,0.304177,0.291001,0,140,0.113863959,0.047526714,z,z,z,12,144,41,23763,128436,21294,11304,29815,3197,567639257.6,2569681657,201425641.7,327126473.6,820456478.8,33948597.07,23887.52504,20007.48744,9459.26748,28939.00156,27518.24514,10618.8918
893,Shropshire,West Midlands,94.6,3.3,0.7,93.7,4.6,0.7,98.7,99,95.7,2.9,0.5,89.7,5.4,1.4,99,96.5,0.00730546,-0.00023566,0.0109343,0.00679348,0,0,0,0,0,1830,19246,1764,0,0,z,z,0,135,0,0,0,1680,13700,1656,1185,0,1,1,0,0,595,0,11.033746,12.60907,22733989.71,-0.0097092,0.00957557,0.0784284,-0.0336376,50,230,0.134243827,0.116656632,z,z,z,12,144,41,23763,128436,21294,11304,29815,3197,529061832.3,2395043098,187736520.4,304894577.4,764697300.6,31641410.86,22264.10101,18647.75529,8816.404641,26972.2733,25648.07314,9897.219538
894,Telford and Wrekin,West Midlands,93.1,3.4,1.4,84.3,9.1,2.3,97.9,95.6,92.9,3.4,1,76.1,9.7,2.3,97.3,88.1,-0.016437,0.00148304,-0.00842605,0.00613547,0,0,0,0,0,3307,12705,600,226,0,z,z,150,526,0,156,0,2100,5000,4410,600,0,0.8125,67,2320,2885,210,330,6.543031,7.325697,47448401.61,-0.00253352,0.0683901,0.201767,0.172341,100,390,0.081242238,0.008681987,z,z,z,12,144,41,23763,128436,21294,11304,29815,3197,529061832.3,2395043098,187736520.4,304894577.4,764697300.6,31641410.86,22264.10101,18647.75529,8816.404641,26972.2733,25648.07314,9897.219538
895,Cheshire East,North West,92.7,4.6,1.1,93.1,3.6,0.8,98.3,97.5,93.6,4.5,0.8,90.5,4.5,1.1,98.9,96.1,-0.0116182,-0.0071651,0.019617,0.00763144,0,125,0,0,0,6759,22187,1810,735,0,1,1,102,264,0,0,0,5639,18225,1788,0,0,1,1,3275,3878,406,1050,8.616843,10.26196,68838235.54,0.00445308,0.0481296,0.149615,0.122858,230,330,0.08909252,0.083243115,z,z,z,12,144,41,23763,128436,21294,11304,29815,3197,551106075.4,2494836561,195558875.4,317598518.1,796559688.1,32959802.98,23191.77189,19424.74509,9183.754835,28096.11802,26716.74285,10309.60369
896,Cheshire West and Chester,North West,93,4.8,1,92.5,4.2,1,98.8,97.8,93.2,4.9,1,93,3.8,1.2,99.1,98,0.0111711,0.00927278,0.0187014,0.0156715,0,35,0,0,0,5380,22300,2450,52,0,1,1,0,220,150,0,0,4794,15564,1639,0,0,0.594594595,75,4148,719,16,50,11.695529,11.687819,85840755.29,0.0170123,0.049522,0.141857,0.0153283,230,780,0.10787918,0.082800454,z,z,z,12,144,41,23763,128436,21294,11304,29815,3197,551106075.4,2494836561,195558875.4,317598518.1,796559688.1,32959802.98,23191.77189,19424.74509,9183.754835,28096.11802,26716.74285,10309.60369
908,Cornwall,South West,96.8,2.2,0.2,93.8,3.3,0.3,99.1,97.4,95.7,3.1,0.2,93.4,3.7,0.1,99,97.2,0.0335399,0.00479492,0.0186238,0.00881822,0,92,0,0,420,6251,34718,4470,603,420,1,1,0,142,0,0,0,2580,22753,5419,1344,0,1,1,6494,131,384,915,13.504972,13.811064,87307579.36,-0.0217124,0.0449763,0.124202,0.0209608,130,420,0.168870231,0.101921023,z,z,z,12,144,41,23763,128436,21294,11304,29815,3197,556617136.1,2519784926,197514464.2,320774503.3,804525285,33289401.01,23423.68961,19618.99254,9275.592383,28377.0792,26983.91028,10412.69972
909,Cumbria,North West,98.7,1,0.1,94.3,4.5,0.1,99.8,98.9,97.6,1.6,0.4,96,2.7,0.1,99.5,98.8,-0.0172151,-0.0105762,-0.00382775,0.00272359,0,90,0,0,0,3842,34539,2943,0,0,1,1,0,0,0,0,0,6751,24560,4348,0,0,z,z,3972,1956,280,0,17.732482,18.539371,25886012.22,-0.0507544,0.00110416,0.00969212,-0.0540023,50,230,0.225818688,0.182769118,z,z,z,12,144,41,23763,128436,21294,11304,29815,3197,551106075.4,2494836561,195558875.4,317598518.1,796559688.1,32959802.98,23191.77189,19424.74509,9183.754835,28096.11802,26716.74285,10309.60369
916,Gloucestershire,South West,91.6,4.9,1.3,87.4,6.9,1.8,97.8,96.1,92.4,5,1,84.5,7.8,1.8,98.4,94.1,-0.0200534,-0.0172548,0.00256425,0.00075255,0,60,0,0,315,9173,36263,5012,860,0,1,1,375,190,0,0,900,9594,33724,0,450,0,1,1,6557,6106,474,50,10.928293,14.305979,128179384.5,3.58E-04,0.0532638,0.1426,0.0665279,410,70,0.118378647,0.073979991,z,z,z,12,144,41,23763,128436,21294,11304,29815,3197,556617136.1,2519784926,197514464.2,320774503.3,804525285,33289401.01,23423.68961,19618.99254,9275.592383,28377.0792,26983.91028,10412.69972
919,Hertfordshire,East of England,88.2,7,2.1,78.6,10,4.2,97.3,92.8,89.7,6.4,1.7,77.5,10.3,4.5,97.8,92.3,0.00632025,-0.00394635,0.0141579,0.00529079,0,200,0,0,630,21232,80060,5689,1029,0,1,1,216,530,52,0,0,32365,50447,11270,0,1150,0.934837093,60,16365,15090,619,1490,10.551733,12.16704,318624618.2,-0.0218318,0.0338477,0.159125,0.160854,470,600,0.133989616,0.093678575,z,z,z,12,144,41,23763,128436,21294,11304,29815,3197,545595014.6,2469888195,193603286.7,314422532.9,788594091.2,32630204.95,22959.85417,19230.49764,9091.917286,27815.15684,26449.57542,10206.50765
921,Isle of Wight,South East,96.7,2.2,0.3,82.7,10.4,2.2,99.3,95.3,96.6,2.7,0.2,80.4,10.9,2.6,99.5,93.9,-0.00773823,-0.00851205,0.00674807,0.0101221,0,92,0,0,0,0,8705,1456,0,0,1,1,0,0,0,0,0,0,4810,3519,0,0,z,z,1758,0,0,0,11.430896,13.338667,5843466.26,-0.0734026,0.0142995,0.0114043,-0.164227,20,20,0.184626942,0.144252775,z,z,z,12,144,41,23763,128436,21294,11304,29815,3197,622749865.2,2819165313,220981529.3,358886325.4,900112447.6,37244577.37,26206.70223,21949.96195,10377.64296,31748.61336,30189.91942,11649.85216
925,Lincolnshire,East Midlands,95.8,3,0.4,87.7,7.3,1.2,99.2,96.3,95.2,3.6,0.4,85.3,8.6,1.6,99.2,95.5,-0.0211377,-0.0151138,0.0019057,0.00336439,0,30,0,0,0,7429,44926,6818,1260,420,1,1,0,375,0,0,0,11488,26349,9945,3136,0,1,1,7263,3077,180,397,12.402159,11.43186,125595375.4,-0.0393531,0.0170337,0.130554,0.0260223,390,620,0.168411888,0.096964677,z,z,z,12,144,41,23763,128436,21294,11304,29815,3197,567639257.6,2569681657,201425641.7,327126473.6,820456478.8,33948597.07,23887.52504,20007.48744,9459.26748,28939.00156,27518.24514,10618.8918
926,Norfolk,East of England,95.5,3.1,0.4,93.7,3.9,0.4,99,97.9,95.1,3,0.4,91.7,4.1,0.6,98.4,96.5,-0.0011806,-0.00324272,0.0149677,0.0071711,0,210,0,0,0,8702,53534,7497,1486,1292,1,1,0,423,0,0,0,8114,41305,6274,0,0,1,1,10063,4722,840,550,15.268869,16.133444,169998180.6,-0.0247926,0.0550008,0.136562,0.0124856,80,710,0.183757004,0.106151747,z,z,z,12,144,41,23763,128436,21294,11304,29815,3197,545595014.6,2469888195,193603286.7,314422532.9,788594091.2,32630204.95,22959.85417,19230.49764,9091.917286,27815.15684,26449.57542,10206.50765
929,Northumberland,North East,97,2.1,0.2,95,3.6,0.4,99.3,99,98.2,1.5,0.1,92.8,6.1,0.5,99.7,99.4,0.0160211,-0.00321303,0.0227892,-0.00439683,0,119,0,0,0,3644,20588,1726,0,1636,1,1,0,324,0,0,0,1664,13695,4791,1300,0,1,1,6431,0,0,30,22.025015,16.605533,23670435.87,-0.0265845,0.0281149,0.000836968,-0.0887647,0,90,0.230384755,0.157454188,z,z,z,12,144,41,23763,128436,21294,11304,29815,3197,501506528.6,2270301270,177958576.7,289014651.5,724869316.2,29993420.71,21104.51242,17676.51803,8357.216899,25567.4674,24312.23599,9381.739354
931,Oxfordshire,South East,91.5,5.8,1,88.1,6.2,1.5,98.3,95.7,93.5,4.4,0.9,86.8,7.1,1.8,98.8,95.7,-0.00611963,-0.0070101,-0.0107981,-0.00741152,0,315,0,0,315,5865,47586,3045,735,945,1,1,0,150,0,0,0,4743,38815,1200,1695,1860,1,1,12492,8141,1765,210,16.468142,18.369234,102494521.8,-0.0168811,0.0029424,0.167799,0.168353,70,280,0.195951741,0.164956944,z,z,z,12,144,41,23763,128436,21294,11304,29815,3197,622749865.2,2819165313,220981529.3,358886325.4,900112447.6,37244577.37,26206.70223,21949.96195,10377.64296,31748.61336,30189.91942,11649.85216
933,Somerset,South West,93,4.6,0.7,94.5,3.3,0.4,98.3,98.1,94,3.9,0.5,92.3,4.9,0.5,98.4,97.7,-0.018258,-0.0149316,0.00168436,0.00150128,0,60,0,0,0,5993,33314,4933,996,840,1,1,0,0,35,0,0,2788,18583,7807,1805,0,0,82,5336,2579,476,525,13.599377,14.71436,55287535.8,-0.0407293,0.0119736,0.100759,0.0003663,10,60,0.175079564,0.135416651,z,z,z,12,144,41,23763,128436,21294,11304,29815,3197,556617136.1,2519784926,197514464.2,320774503.3,804525285,33289401.01,23423.68961,19618.99254,9275.592383,28377.0792,26983.91028,10412.69972
935,Suffolk,East of England,95.8,3,0.4,94.7,3.3,0.5,99.2,98.5,95.8,2.9,0.4,93.2,4.2,0.4,99.1,97.8,0.011541,0.00565239,0.0314679,0.0163901,0,285,0,0,0,6347,46424,6818,1404,630,1,1,0,90,73,0,0,1666,37078,7146,1676,0,0.552147239,76,12975,0,546,550,14.105098,14.608018,93454230.04,5.45E-05,0.0522578,0.127988,0.00647417,120,280,0.15180827,0.105176433,z,z,z,12,144,41,23763,128436,21294,11304,29815,3197,545595014.6,2469888195,193603286.7,314422532.9,788594091.2,32630204.95,22959.85417,19230.49764,9091.917286,27815.15684,26449.57542,10206.50765
936,Surrey,South East,88.7,7.2,1.8,81.4,8.6,3.2,97.7,93.2,89.2,6.9,1.6,81.3,9.1,3,97.7,93.4,0.0388424,0.0219725,0.0484872,0.0237849,90,150,30,0,0,19574,69530,4741,556,840,0.888888889,69,170,306,0,0,0,21860,41926,4098,1320,900,1,1,14758,8874,0,990,8.251272,9.176156,427019158.8,0.0212419,0.0707042,0.160932,0.133968,1520,1910,0.079401444,0.036903663,z,z,z,12,144,41,23763,128436,21294,11304,29815,3197,622749865.2,2819165313,220981529.3,358886325.4,900112447.6,37244577.37,26206.70223,21949.96195,10377.64296,31748.61336,30189.91942,11649.85216
937,Warwickshire,West Midlands,90.3,5.9,1.1,81.9,9.3,3.3,97.2,94.4,90.7,6.2,1.2,80.9,10.3,3.3,98.1,94.5,0.0305291,0.00823938,0.0506506,0.0220647,0,105,0,0,0,7102,36540,4177,315,1050,1,1,0,0,0,0,900,14031,22839,3448,1050,0,z,z,7380,6293,840,1950,11.372349,9.983992,165992124.9,0.0254553,0.0886163,0.193674,0.130893,780,560,0.100945672,0.044159504,z,z,z,12,144,41,23763,128436,21294,11304,29815,3197,529061832.3,2395043098,187736520.4,304894577.4,764697300.6,31641410.86,22264.10101,18647.75529,8816.404641,26972.2733,25648.07314,9897.219538
938,West Sussex,South East,91.2,6,1.5,87.8,7.6,2.1,98.6,97.4,91.4,5.7,1.4,87,7.4,2.1,98.5,96.5,-0.00824492,-0.00973423,0.0155699,0.000814834,60,0,0,0,0,5008,57581,8788,420,840,1,1,0,329,0,0,0,13000,35940,2966,1092,1200,1,1,11329,7032,420,1185,10.578806,11.791278,276332539.3,-0.00991847,0.0515768,0.182416,0.10008,200,1230,0.124280995,0.081856511,z,z,z,12,144,41,23763,128436,21294,11304,29815,3197,622749865.2,2819165313,220981529.3,358886325.4,900112447.6,37244577.37,26206.70223,21949.96195,10377.64296,31748.61336,30189.91942,11649.85216
940,North Northamptonshire,East Midlands,92.6,4.4,1.5,81.2,10.5,3.4,98.5,95.1,93.1,4.4,1.1,79.5,12.4,3.1,98.6,95.1,0.00124328,0.00342742,-0.000438212,-0.000292141,0,30,0,0,0,2333,22924,5828,0,0,1,1,84,0,0,79,0,5040,14813,4140,900,0,0.515337423,78,z,z,1050,534,11.396329,12.26327,5433940.01,6.72E-05,0.0286299,z,z,70,10,0.144353988,0.097919621,z,z,z,12,144,41,23763,128436,21294,11304,29815,3197,567639257.6,2569681657,201425641.7,327126473.6,820456478.8,33948597.07,23887.52504,20007.48744,9459.26748,28939.00156,27518.24514,10618.8918
941,West Northamptonshire,East Midlands,94.4,4.7,0.4,78.9,13.1,3.7,99.5,95.7,93.3,5,0.9,75.9,13.4,4.2,99.2,93.4,-0.00971546,-0.00376439,-0.00416361,0.000612295,0,77,0,0,840,3551,31157,4934,420,630,1,1,0,357,0,0,0,3810,20162,5666,1920,0,1,1,z,z,420,1160,15.835943,12.11391,8867153.85,0.0117637,0.0261654,z,z,140,210,0.147720041,0.108920966,z,z,z,12,144,41,23763,128436,21294,11304,29815,3197,567639257.6,2569681657,201425641.7,327126473.6,820456478.8,33948597.07,23887.52504,20007.48744,9459.26748,28939.00156,27518.24514,10618.8918
